Urdu,Roman
ملوث,mulawis
لیبل,label
راب,rab
عادل,adil
سادگی,saadgimeri
الليرنگ,alluring
کہاوت,kahawat
گرانڈ,grand
ناک,naak
ریکوۓسٹ,request
تصو,taso
مونيي,money
یوں,yun
سیو,save
صدیاں,sadayein
کونیکشن,purchase
ڈیڈ,deadmen
نکالی,nikali
دیاہے,dia
ناٹ,nt
ثوبیہ,sobia
براڈکاسٹ,broadcast
خاموش,khamosh
پشتون,pashtoonpa
نادان,nadan
رنگوں,rangon
1,1
تباہ,tabah
کوکک,kick
آیڈیا,idea
قسمیں,qasmein
گری,giri
دورہ,dora
لونگی,loun
ٹکڑے,tukry
سمیع,sami
نو,no
پنج,panjtani
رانجھے,ranjhay
ٹھیک,thek
ملکہ,malika1hahaha
لمحوں,lamhon
وکيپي,occupy
یہر,year
سوے,soe
چھپا,chupa
جگر,jigar
دولت,dolat
چوڑیاں,chore
گھومنے,guhmne
خیر,khair
کیو,q
هونے,hone
چوما,chuma
گاڑی,gari
ساس,saas
مٹا,mita
دہشت,dehshat
اہل,all
هال,hal
طالبان,taliban
یاسمین,yesmanhi
سلیک,lvrslyk
پوانٹ,point
سینے,sene
بدنصیب,badnasib
انڈا,anda
لوٹو,loto
زنگو,zingoo
چڑھ,charh
وا,wa
عارضی,aarzi
اقرار,iqraar
صرف,sirf
فرئینڈز,friends
مونا,muna
کھولا,nikleq
آہن,aahn
رکھنے,rakhy
بیکار,bekar
یوح,yon
مجہمیں,me
ڈريس,dress
ذریعے,zariyhe
بھاگ,bhag
چاغی,chaghi1islamabd
جل,jal
مءی,may
چھٹی,chutti
حکيم,hakeem
رفیق,rafaqatainye
امانت,amanat
کنوليڈج,knowledge
طرار,traz
بهای,bhai
ویسے,wese
کہا,kaha
کھدائی,khudai
قوین,queen
صدیق,siddique
گز,gaz
ہلاک,halak
کثرت,kasrat
پوری,puri
رخان,rehna
ایپس,apps
لگو,lago
اسکا,uska
قابل,qabil
باطل,batil
باتيں,baatein
ازاں,azaan
سمرتی,smarty
باز,baaz
اکیس,amxamix
سومرا,somra
اچانک,achank
دیکھو,dekho
جلتا,dhagabolajalta
روح,rooh
جوان,jawan
کرسی,kursi
برف,barf
پیپر,paper
آیا,aya
گاڈ,god
محبوب,maheboob
ہنسا,hansa
نان,nan
بندی,bhaio
گوبھی,gobhi
هيں,hain
درد,dard
دورانی,duarani
اویس,owaisshah89
ایبیوز,abuse
کویٹا,quetta
آب,ab
جکا,juka
ہلکا,khuram
کدر,kadar
لگی,lagi
انوولو,involve
اگر,agr
موٹر,motor
ہوگی,hogi
گفتگو,guftugo
روتے,roye
جامی,jami
آسیب,aasaib
اانہ,enter
پاگلوں,paglon
اکیلی,akeli
ڈیٹ,date
نکلتے,nikalty
بهئی,bhai
مارو,maro
حوٹيل,hotel
خوابوں,khwabon
وضو,wazu
نها,naha
فقروں,faqiron
الان,elan
ڈھلتی,dhalti
مزاق,mazak
قبولیت,qaboliat
زی,z
وضاحتیں,wazahteinkesi
يير,year
جناب,janab
کونٹراري,contrary
پلے,playboy
ملتے,milte
نا,na
ایڈوانس,advance
دنو,dino
سند,send
شرط,shrt
کرن,kiran
دیک,dil
8,8
تمھارے,tmhary
منع,mana
ڈرنا,drna
تعلیم,education
چیٹ,chat
سارے,sare
چوک,chocklate
خیال,khayal
تمنا,tamana
چیرمین,chairman
ٹایم,time
کھایا,khaya
لیبر,labour
يوار,your
لکیریں,lakeerain
نظروں,nzaron
سی,c
ریشم,resham
7,7
احسان,ehsan
واٹ,wat
صحیح,sahi
ٹیک,take
برداشت,bardasht
شي,she
کیجیے,kejye
مرسی,mercy7halka
ستان,satana
ارضی,arzi
مزہ,mza
اشک,ashk
مدار,madaar
میمن,memon
عابد,abid
فور,for
پهر,phr
ٹٔم,time
اچھلنا,uchalna
هوی,hui
آنی,ani
حیرت,hyrat
مقابلے,muqably
ہی,hi
سنہری,sunehri
چين,hychain
شو,shoo
300,300
راۓ,rai
ابی,abi
بھنگ,bhang
اللہ,allah
اردو,urdu
وہے,wahey
پہلے,pehle
سچح,such
سونا,suna
پاکستانی,pakistani
گلاس,glass
اینجلس,angelzz
سمجھو,smjho
شاباش,shabash
گرانڈمودر,grandmother
سکتی,sakti
آف,of
یہیں,yhi
وش,wish
عقبہ,aqbanhi
کلام,kalaam
پاؤں,paon
کاروبار,karobar
لینی,leni
کناروں,kinare
جعفری,jafri
چیکو,chekoo5
دائر,dair
تمکو,tumko
وادي,wadi
برو,bro
بستی,bus
بگذ,bugs
اظہار,izhaar
سيرٔور,server
جویریہ,jaweria
چاہوگے,chahoge
کھلتا,khilta
122,122
رکھ,rakh
گرلز,girls
مو,mobile
مارکیٹ,market
ڈانٹ,dant
انہوں,unhon
شھد,shahd
نیلم,neelam
حقیقت,haqeeqat
سرخ,surkh
ڈالنا,matdalnablkymasjid
زین,zain
خشک,khushi
چیٹنگ,chating
سٔٹ,sight
دھمکیاں,yardhamkian
جوﻻٔي,july
میسیج,msg
رپورٹ,report
خشیاں,terakhushian
ببیز,babies
سہیلی,sahilli
فنکشن,function
پیس,peace
بیشک,be¤hak
مینوئل,manual
نظم,nazim
سونگ,song
اٹھتے,uthte
سیس,sis
عادت,aadat
عالیہ,alyia
حيرڈ,heard
صف,saf
فلور,floor
اتا,ata
غموں,ghamon
ااچھے,ache
ریبل,rebel
دوٹ,idot
گاؤں,gaoon
پیور,pure
سول,soulzy
نٹ,nt
عبدللہ,abdullah
اسم,asim
پہچانتے,pehchantay
کنگ,king
سٹک,lipstick
عمران,imran
قصور,kasor
خواہشات,hainaurkhwahishat
گزاری,guzari
لال,laal
طبعیت,tbiyt
زیل,zeal
رول,rule
فرشتوں,thafarishton
ہیپی,happy
عیدین,aridian
سکی,saki
چھوتی,chutti
کتا,kuta
سہی,sahi
مریض,mareez
اجر,ajar
خدا,khuda
وسط,twist2q
حمد,allhamdo
ٹوف,tough
پاتھ,path
فاروق,farooq
حينجر,hunger
مخالفت,mukhalfat
شورو,shuru
فرض,farz
اسیر,espnstaraseer
بول,bol
سئون,seven
خبری,khabrii
ہمسفر,humsafar
وادے,wade
امتحان,exam
ظلم,zulm
بوجھ,bojh
لوھا,loha
انلاوفيل,unlawful
لوڈ,load
حرا,hira
ستاس,stas
ونلي,only
ستاتی,stati
تبدیل,tabdeel
گوریلا,goreela786ali
کیا,kya
بدی,budai
غمگین,ghamgeen
برابر,barabar
ٹابل,table
توڑنا,torna
مافیا,mafia
بريسٹ,breast
کھڑا,khara
ٹھہرو,thehro
عبدل,abdul
سنٹر,center
ضعیف,zaeef
سیکھ,seekh
میٹرو,mitro
گرمیوں,garmiyon
یہاں,yahan
شیم,shame
آزاد,azad
چه,cherry
رہبر,rahbar
نیچے,nechy
کہیں,kahin
اتار,utar
اوڑھ,oarh
سف,sfjan2
ادھار,udhar
خو,khu
حوصلے,hosly
تم,tm
آوں,aaon
کہوں,kahon
باےکرنے,bye
آئینے,aienay
آصف,asif
ماں,maa
نوے,nawway
کاٹتے,kat'te
مورگن,morgunmeri
باغ,baagh
باکس,box
کو,ko
ترمیم,tarmeem
مینے,mene
23,atif23
لگاتا,lagta
پينسل,pencil
تیار,tayar
جلے,diljaly
آسٹریلیا,australiya
انکنون,unknown
لیڈی,ledy
اسے,usay
کرنا,krna
را,raat
کھائی,khe
لوہے,lohe
بهے,b
زرد,zard
وکیل,wakeel
چھپے,chhupy
ھوں,hon
اساسن,assassin
کنارا,kinara
دگنا,dugna
اٹھیں,uthen
آبی,aabi
اڑتے,6urte
بن,ban
چھوڑنا,chorna
موہ,mo
سافٹوئر,software
کراذي,crazy
انڈودوال,individual
شاید,shayad
لگاؤ,lagao
گود,godh
سکون,sukun
حسب,hasb
نبھا,nibha
مسیج,msg
سُن,sun
مارنے,marne
منگل,mangal
42,42
یاب,kamyam
ہاشمی,hashmi
بوبی,boby786
ہسبنڈ,husband
بتانا,btana
لمبی,lambi
عام,aam
راج,loveurajj
پہنچے,punhchy
طنز,tanz
بت,bt
مولا,mola
گي,ge
باهر,bahar
ایڈورڈ,edwward
ستوں,ston
عبرت,bara
رومانٹک,romantic
سلینتھ,silent
سوپر,super
ناشتے,nashta
بوجھل,bojhal
پیاری,pyari
مسلسل,musalsal
گِو,give
جملہ,jumla
لینا,lena
ہر,har
امام,imam
ونگ,wang
سہیل,sohail
دتا,dita
محدود,mehdood
نسخے,jisnay
کراؤ,karao
پرانا,purana
نرم,narm
بیلنس,balance
سوگ,sog
کیدو,frndskidunya
بر,bar
ہیںک,he
اختر,akhtar
اتنا,itna
مائے,my
فرشتہ,1farista
اِگزیمز,exam
اپسے,thanks
منہ,moun
آئینی,aini
گنے,gine
پروبليم,problem
پیا,pia
پڑھاتا,parhata
جيلي,july
بائے,bye
ٹھوکر,thokar
یاد,yad
انٹری,entery
تمی,time
فورا,fauran
کرتاتھا,krta
آتا,ata
ٹھکراتے,thukrate
سردار,srdar
فوار,four
جگہ,jaga
نؤومبير,november
ٹوٹا,tota
ہمّت,himmat
نکلے,nikle
فلے,fly
غصے,gusa
ملیں,milenge
پکانے,pakaane
14,14
لیتی,leti
چراغوں,charaghoon
کہنے,kehne
مبارک,mubarik
جاورنيي,journey
معلوم,maloom
داد,daad
مٹی,mitti
اپپيرانس,appearance
گاہے,diamondguyisay
نقل,naqal
وصال,wisaal
اہم,ahem
شام,sham
وسلام,wasalam
مے,me
تاکہ,ta
ہیکر,shikaryr
بجھا,bujha
سنائیں,sunaen
ویز,nywayx
بجانا,bjana
چیا,cheyia
مہراب,mehrabpur
مستقبل,hmry
ٹين,ten
سوئیں,soin
حساب,hisab
چینج,change
وار,waar
تارے,tare
تیاری,tayari
روزانہ,rozana
سنبھال,sanbhal
انکالاب,bhai
مٹ,mit
جوکز,jokes
حانڈ,hand
پیئیں,payenge
ابؤو,above
ٹیم,team
بکھر,bikhar
رکھو,rakho
سٹين,stain
حابٹاشن,habitation
سہارا,sahara
ویل,wel
پہنچا,ponch
کنڈی,kundi
پرائویٹ,private
آفٹر,aftr
رھے,rahe
گائز,guy
لاگ,lag
مسنگ,missing
بورنگ,borng
چھین,cheen
اکھاڑ,ukar
چاول,chawal
پکایا,pakaya
بابا,baba
الوايز,always
سوال,sawal
صد,sad
انتہا,inteha
وِد,with
گريف,grief
آم,aam
گرانڈفادر,grandfather
ہان,han
سبق,ise
کرکيٹ,cricket
بہادر,bahadur
مسائل,masaail
نکلنا,nklne
پڑنا,prna
ت,t
سيٹيرڈے,saturday
کس,kis
حلال,halaal
فون,ufone
کٹی,kitty
گھبرا,kbighbra
چٹنی,chatni
قبرستان,qabristan
جاونگا,jaaongajo
ه,hyye
یونی,uni
ایسی,aisi
ڈراپ,drop
تسلیم,tasleem
شمس,haishams1
ضروری,zaroori
اعلان,ilan
دوبارہ,dobara
واپڈا,wapda
اپن,apun
نگاہیں,nigahein
کین,can
دروغ,darogh
هي,hykabi
لپ,ljp
بیا,bia
پھنسا,phasa
انگلش,english
سٹياشن,situation
وت,wha
فول,fool
جتنے,jitne
حالات,halaat
انکليڈي,include
سہتا,sehta
یوکی,lucky
گرمی,garmi
ٹييسڈے,tuesday
دھوپ,dhoop
نگری,nagri
حوالے,hawale
بیت,beet
برے,burey
سکندر,sikandar
يس,us
9,9
سہا,sahara
نزدیک,nazdeek
کوٹ,kot
ہونا,hona
رومںٹک,romantic
گئے,gye
ڈیٹیل,details
تہمت,tohmat
ماؤں,maaon
انجواے,enjoy
گانا,gana
دیو,daiyo
ہاں,han
وهاں,wahan
لاہوری,lahoriye
با,ba
فصیح,faseeh
گوسٹ,ghost
اصغر,asghar
حملہ,hamla
عدل,gudaljesani
حير,hear
سييڈ,syed
وہی,wohi
ڈيٹ,date
کیف,kismat
پرائیویٹ,private
ہارٹ,heart
ساره,sara
اٹھایا,uthaya
السلام,asalam
پہنچ,pohanch
جنون,junoon
غرور,ghuroor
ٹورس,tauras
ٹریٹ,treat
لاس,laso
شدت,shiddat
ستمبر,sep
میری,meri
ٹم,timing
کرپشن,khatme
صب,sub
جرگہ,jarga
صوبہ,salme
خمینی,khumaini
کرکٹ,cricket
ٹاورنامنٹ,tournament
شپ,shap
ہنی,honey
ہونی,honey
ڈوبتے,doobte
آوٹ,out
پنک,punkxx
یارر,yar
سمن,saman1
ایران,iran
حق,huq
اڑی,ari
ہهو,hon
اسنے,usne
گلہ,gila
ربیکا,rabica
انٹرسٹد,interested
مہنگائی,mehngai
ياونگ,young
شدید,shadeed
جدائی,judai
توجہ,cncrtrate
اکسيس,access
مررید,married
ہزاروں,mashghalay
کمانڈ,command
مات,maat
کويسشن,question
پہ,pe
پحيسکال,physical
بوند,boond
ميمون,memon
پهلا,phela
پوزیشن,position
ون,one
شہرت,shuhrat
روکی,roki
بیچارے,bichare
دہلیز,dehleez
بائیک,bike
کھلی,kholi
پیسوں,paiso
بکھری,bikhri
ٹارچ,torch
مارري,marry
بین,behn
امن,ma
شخص,shakhs
پنگا,panga
جدو,jado
ہرٹ,hurt
پوچھتے,pochty
بیٹے,bety
جانتا,janta
مسلّز,muscles
ھوگا,hoga
گزرا,guzra
ٹھوکروں,thkron
بیبی,bibi
چنو,chuno
ار,vania
ياحيا,yahya
دیا,dia
کپڑے,kapre
پنشوں,pension
زہ,za
دادی,dadi
میسجج,msg
پیو,pio
بورن,born2love
حو,ho
ٹھنڈی,thandi
فائدہ,faida
شادی,shadi
عمل,amal
انجیرننگ,engineering
پیتے,peety
فٔٹ,fight
رهی,rhi
مریں,maray
اثر,asar
میرے,mere
پین,0000fun(ghazal)pen
ماضی,maazi
چانس,chance
بلوچ,baloch
بے,be
کھو,kho
ميٹ,meet
ر,r
تھرسٹ,thirst
ید,yad
ستا,sta
پڑتی,parti
جوي,joy
چاشنی,chashni
تیاریاں,tayarun
ڈيتھ,death
شعبان,shabnam
انوگف,enough
التجا,iltija
کينٹري,country
يٹٹراسٹٔو,attractive
ڈان,don
بندے,bande
ان,un
بروتھر,brother
ے,ye
رین,never
کہانی,kahani
ہارنے,harnay
شارق,shariq
اطاعت,itaa'at
زرا,zara
فرات,faraat
نقصان,nuqsan
بتاوں,btaon
نامہ,nama
6,6
نسبت,nisbat
خشبو,khushbo
بسانا,basana
کہن,khan
مونڈے,monday
رنگت,zarad
برفی,barfee
بیہودہ,behoda
کوم,com
ہیٹ,het
اشيس,ashes
رحمت,ra
آرہی,a
مورخہ,morkha
مسےوز,misuse
تسی,tusi
شعروشاعری,shaairi
بلند,buland
للہ,bismillah
بجتی,bajti
ھاتھ,hath
جاری,jari
شہر,shehar
تقاضوں,taqazoon
مہندی,mehndi
انسان,insan
تفصیل,detail
ممبروں,membro
ريميمبير,remember
30,30
اترنے,usaysagar
گولی,goli
سنار,sinar
کھلتے,khiltay
نئور,never
توڑنے,torny
جانياري,january
ارشاد,arshad
فقیروں,faqiron
لالی,lali
مدت,mudat
صائم,saim
نیٹ,net
سٹانڈ,stand
پھول,phool
فالو,follow
ٹهندر,thunder
فورس,force
سمول,small
ٹھنڈا,thanda
حبیب,habibjaan
مدیحہ,madiha
مارتے,marty
جیتنے,jety
اکسيپٹانس,acceptance
واپس,wapis
عزاب,azab
تھکن,thakan
ڈیوٹی,dute
ہاہا,hahahahahaha
جینے,jeene
سڑکوں,sarkon
پے,pe
لیٹ,late
شریف,shareef
وعدوں,vaadon
ایکسپریس,express
صحابہ,sahaba
ج,jaan
اکیلے,akele
ڈو,do
آجاؤ,ajao
وپپريسون,oppression
خلاد,khiladi
خاکی,khake
ہاته,hath
شاخوں,shakhoon
کوکو,koko
حفاظت,hifazat
تفری,tafre
سوچے,s0chay
ماد,maad
اِنٹرو,intro
کتابوں,kitabon
گے,gay
کپتان,capton
پیچھے,peche
جوف,jauf
لڑکی,larki
تعریفیں,tarefen
چہرہ,chehra
وال,sanwal
جوتے,jotey
مال,maat
ذيرو,zero
حورسي,horse
سأو,save
عشا,esha
فر,fir
کروانا,krwana
سکي,sky
جتنا,jitna
ناواقف,nawaqif
انھیں,unhain
رومیٹک,romantic
بیٹھو,betho
کردو,krdo
کبوتر,kabotar
چھوڑ,chor
روتا,rota
رشک,rashk
ارے,ary
انے,aane
موجود,mojood
اوبیڈی,e
گاوں,gaaon
کوپی,copy
گھوڑ,ghor
اطلاع,itla
پل,pal
غير,ghair
بوڈی,body
ہوش,hushe
بڑی,bari
ساجن,sajan
واقعی,waqai
مسالا,masala
ٹکڑا,tukara
منکر,munkir
مٹھا,mutha
نائب,naib
بلیم,blame
رکھتی,rakhti
سینما,cinema
پؤئٹری,poetry
بابر,baber
دونٹ,dont
دعوا,dawaa
شروع,shuru
رس,letilarke
آدھی,adhi
بولیں,bolen
حئون,heaven
رھا,raha
فونز,funz
تاڑ,taar
حمو,humor
بننا,banna
دکھانے,dikhane
گريس,grace
احمر,ahmar
بڑے,bary
سندھ,farazsindhi
پنجاب,punjab
سینگ,seng
قادری,qaadri
اصل,asal
ڈینجر,danger
يوز,use
میں,main
کروائی,krwai
وابسطہ,wabasta
گوم,gum
دیرا,dera
انگور,angoor
ارین,aryan
فاروقی,z@¤firaq1
وجہ,waja
آس,aas
ہمدرد,humdard
مسکت,mscit
ضرور,zarur
بریانی,baryani
بوکس,books4
اسپيک,speak
بدل,badal
مچ,match
لکھے,leky
پھیلائی,pelai
سونیا,sonia
اللاه,allah
رہتا,rehta
تیز,taiz
طاہر,tahir
فریب,fareb
دینی,deni
حد,had
اجاڑ,ujar
نیچر,neture
پتے,pattay
ٹوٹتی,ti
ے,ye
آہستہ,ahista
فيس,face
ملوث,mulawis
۱۲۲,122
ياونگ,young
بستی,bus
پیپر,paper
ہٹ,hat
دھمکیاں,dhamkian
حنک,thank
منگل,mangal
پؤئٹری,poetry
بزرگ,buzarg
گر,gir
ٹوف,tough
بالکل,blkul
وصال,wisaal
محفل,mehfil
پرفامنس,performance
انفارمیشن,infomation
يناؤ,enough
غائب,gaib
مکر,mukar
کناروں,kinare
غصے,gusa
جملہ,jumla
بد,badal
سئون,seven
پل,pal
تسلی,tasalli
اعظم,azam
خستہ,khasta
ادہ,ado
منہ,moun
کیدو,frndskidunya
اسپيس,space
زرارت,ziarat
ویز,nywayx
نقل,naqal
علی(رض,ra
کلام,kalaam
وائف,wife
حينجر,hunger
سلان,salman
راج,loveurajj
ہوئے,huy
مسلسل,musalsal
فرشتوں,thafarishton
حملہ,hamla
مسلّز,muscles
صحابہ,sahaba
فنی,funny
نہ,na
نشہ,nasha
تھکن,thakan
ايک,aik
٢٣,atif23
وسط,twist2q
تر,tara
حضرت,hazrat
هایپر,hyper
بچہ,bacha
مٹی,mitti
حکيم,hakeem
فاصلہ,faasla
فتح,fatah
نیچر,neture
ڈيٹ,date
مپرؤو,improve
سپیس,space
سمن,saman1
ابھی,abi
بکھر,bikhar
بن,ban
لیک,loverzlyke
سکندر,sikandar
فرح,farah
ہر,har
اررانجمنٹ,arrangement
نکلتے,nikalty
ٹاؤ,tough
رہنے,rehny
پروگرام,prng
قسمآی,kasam
شغل,shugal
صب,sub
یاب,kamyam
سأو,save
تحفہ,tohfa
آوارہ,awaraboyz
اسوقت,he
ہمّت,himmat
فیئر,fear
باےکرنے,bye
پرائویٹ,private
تیاریاں,tayarun
چھٹی,chutti
کلر,kiler
فل,ful
گيم,game
یوراج,loveurajj
کنٹرول,cntr0l
نائب,naib
سرنگ,sarang
یکسر,yaksar
فاینڈ,find
وجہ,waja
تیگ,tag
ڈرایئور,driver
سمجھتے,samjtay
موباءل,mobile
مائ,my
نمبرز,number
کل,kal
۴۰,40
بلند,buland
ٹیک,take
ٹراوسيرس,trousers
منکر,munkir
نقوی,nqvi
حق,huq
گريس,grace
دیجئے,dijiye
چھین,cheen
اینڈ,and
بڑے,bary
رپلاءی,reply
گلہ,gila
جوکز,jokes
ٹيگ,tag
حد,had
نيم,name
مسیج,msg
بندر,bandar
انوائٹ,invite
مکوڑے,makory
لگ,lag
دِل,dil
کرن,kiran
جڑ,jarr
خشک,khushi
رفیق,rafaqatainye
بدن,ba'din
فریبڈ,friend
انڈودوال,individual
نمبرپر,number
جاب,jok
چلانا,chalna
ہیکر,shikaryr
بر,bar
سٹياشن,situation
سنسر,sincere
فجر,fajar
اپک,pak
ملکہ,malika1hahaha
سائے,saye
ٹم,timing
عینی6,sani
حابٹاشن,habitation
پھٹان,pathan
ذریعے,zariyhe
صائم,saim
دن,din
گھبرا,kbighbra
انوولو,involve
بليم,blame
کیف,kismat
اِن,in
ستمبر,sep
چہرہ,chehra
بیشک,be¤hak
مانسرہ,mansehra
مچھلی,machli
پاسز,pases
سندھ,farazsindhi
ڈینجر,danger
مجہمیں,me
کس,kis
گز,gaz
گَپ,gap
خواہشات,hainaurkhwahishat
پيٹشن,petition
پھنسا,phasa
بہنوں,behn0n
اکھاڑ,ukar
طریقہ,tariqa
مدت,mudat
الي,ali
شعروشاعری,shaairi
پھینک,pehnk
ہهو,hon
طرفہ,tarafa
پہنچا,ponch
کدر,kadar
ہنر,hunar
خين,khan
اساسن,assassin
وہ,wo
مائے,my
مسٹر,mr
اِس,is
بهئی,bhai
زہر,zehar
لوين,loan
مٹ,mit
یاسمین,yesmanhi
آیتٹڈ,attend
سوائے,siwae
بائے,bye
فو,itfun
بدلہ,badla
جگر,jigar
اباوٹ,about
مشورہ,mashwara
ببیز,babies
روکتا,rota
چھپے,chhupy
فاروقی,z@¤firaq1
سوئیں,soin
کین,can
انوأٹ,invite
۱۶۰,160
رکھنے,rakhy
واپسی,wpsi
کنوليڈج,knowledge
مسےوز,misuse
ڈکٹر,doctor
پہر,pehar
سلیک,lvrslyk
دفن,dafan
ریکوۓسٹ,request
چیٹنگ,chating
شاوٹ,shout
ریپرسنتتیز,representative
اککساشن,accusation
نظر,nazar
امتحان,exam
حئون,heaven
پڑھائی,parhai
فنکشن,function
سیکشن,section4
پیور,pure
مسائل,masaail
شرمندہ,sharminda
ٹھوکروں,thkron
ڈیٹ,date
رہبر,rahbar
اعلان,ilan
چھوتی,chutti
مڑ,mur
شدت,shiddat
نبمر,number
بستر,bistar
ريس,race
پچھلی,pichli
پوٹرے,poetry
بلایا,haibulaya
سیو,save
رسک,rax
مزہ,mza
غزل,ghazal
سر,sar
موو,move
يوز,use
صحن,sehan
کمینہ,kamina
عالیہ,alyia
خشیاں,terakhushian
علوی,alvi
عابد,abid
ملاحظہ,mulahiza
سبق,ise
صدیاں,sadayein
ہمسفر,humsafar
کھدائی,khudai
عنایت,si
حمزہ,hamza
کٹی,kitty
حم,him
گلابان,gulistan
مدينہ,madina
گھومنے,guhmne
پولائیٹ,polite
فلاور,flower
ڈان,don
حلال,halaal
پوچھتے,pochty
جناح,jinnah
بگذ,bugs
امریکا,usa
گرلز,girls
سٹیٹس,stats
موبائل,mobile
دسمبر,december
قدر,qadar
چھوڑنا,chorna
میسج,msg
پھنسانے,phasane
بائیک,bike
ڈراپ,drop
کلئور,clever
تهیت,tek
ارمانی,aw
کويسشن,question
چمک,chamak
ڈريسشن,direction
بورهتر,brother
دیک,dil
ابؤو,above
جم,jamhazaron
تمنا,tamana
کھیو,kahiyo
گرانڈمودر,grandmother
لیونگ,leavng
مسنگ,missing
ہوی,th
بلیم,blame
چینج,change
السلام,asalam
صدیق,siddique
ضامن,zaamin
پوچھنا,puchna
ڈھلنے,dhundley
کیڑے,gooshtkeere
سازو,chara§sazo
دائر,dair
جرگہ,jarga
بدل,badal
کمنگ,upcoming
رمضان,rum
شیم,shame
ٹکڑا,tukara
پرائیویٹ,private
اسیر,espnstaraseer
جدائی,judai
گئے,gye
ارے,ary
نوے,nawway
مئی,may
پلٹ,palat
میسیج,msg
اسسے,use
جگہ,jaga
مالک,maalik
پہ,pe
اگست,august
کھلاؤں,kay
مال,maat
پردہ,parda
گزر,guzar
روتے,roye
کثرت,kasrat
ماوتھ,mouth
صف,saf
فتویٰ,ftawa
اہل,all
امسالو,ha
زار,bezaar
رائیٹ,rit
سيرٔور,server
جل,jal
ايذي,easy
وال,sanwal
یونی,uni
قبر,qabar
مریں,maray
فلک,falak
عقبہ,aqbanhi
ٹکڑے,tukry
گروانڈ,ground
شہر,shehar
حیان,shayan
شاپ,shop
آسٹریلیا,australiya
رومیٹک,romantic
لگاتا,lagta
زاد,zaat
ٹھاک,thaam
سُن,sun
مام,mom
قسمت,qismat
راۓ,rai
حوالہ,hawala
دلک,dil
فلے,fly
ڈیوٹی,dute
ناؤ,now
لپ,ljp
جنھیں,gh„z†l>£=jinhain
گائز,guy
ٹریکس,tracks
مچ,match
لیبل,label
قحط,qehat
یہ,ye
ااچھے,ache
رجب,rajab
لکھے,leky
چیگ,change
زمہ,zama
یوح,yon
ترس,taras
مدیحہ,madiha
آۓ,aye
سمول,small
نگر,nagaras
ظفر,zafar
چھپا,chupa
زہ,za
مءی,may
ڈیدیکیٹ,dedicated
ڈالنا,matdalnablkymasjid
قتل,qatal
جدھر,jidhar
بتائیں,bataen
ناٹ,nt
اانہ,enter
ایکسیپت,except
تہمت,tohmat
مانے,mainy
چھوڑ,chor
ستم,sitam
ھے,hy
شمس,haishams1
نظم,nazim
فائدہ,faida
کپتان,capton
میوذک,music
ہیپی,happy
حصہ,hissa
رحمت,ra
عادل,adil
سنٹر,center
سٹک,lipstick
حمد,allhamdo
انسین,insane
جھلک,jhalak
نفرت,nafrat
باکس,box
متحد,muttahid
نئور,never
استعمال,istemal
گرانڈفادر,grandfather
بہن,behan
ایبیوز,abuse
بھٹی,aabhati
کمینے,kamina
کوٹہ,quota
ایرےا,area
فر,fir
ید,yad
چیٹ,chat
کرکٹ,cricket
اینجل,angel
میسجج,msg
ماں,maa
اچھلنا,uchalna
للہ,bismillah
عید,eid
پکڑا,pakda
گاڈ,god
سنائیں,sunaen
فوٹبول,football
امن,ma
مٹھائی,mathai
وت,wha
مدار,madaar
هاکي,hockey
چه,cherry
پن,pan
پڑھتے,pharta
پکڑ,pakar
بلے,baly
نسبت,nisbat
لیٹ,late
آرگؤ,argue
چوز,chose
صد,sad
خلل,khalal
لگاتے,lagaty
فرات,faraat
ایڈمن,admin
بسنے,basny
نہيں,ni
پکستی,pakistani
سوئے,soe
چھوٹ,chot
نیم,name
صم,sum
پوچھوں,pochon
نکل,nikal
جتایا,ehsaanjataya
حلوہ,halwa
رپلاے,reply
اينسوير,answer
شیطان,karnakemanshaitan
گڈ,good
سک,sak007
دکان,dukaan
جیتیں,jeetege4ndshpland
فرمائیں,frmaenge
فائر,fire
ايدر,either
لگن,logun
ہوئی,hui
لگنے,lagny
سم,sim
میل,male
روئے,roye
انجل,angel
نائس,nice
سکهر,sukkur
گم,gum
قطر,qatar
اذیت,azziyati
مہک,mahikm
شئیر,shear
پاساج,passage
هیو,have
انٹی,itni
فائدے,faiday
سیچرڈے,sat
موم,maa
پلس,starplus
وفائی,bewafai
سنے,sony
شکل,shakal
رپلائی,reply
پليس,place
بہانہ,bahana
سبکو,sub
روو,roopa
چھوڑے,chory
آرہے,oupar
فرینڈ,frnd
رائن,rain1
لگانے,lagny
تصور,tasawur
لوؤر,lover
دہ,da
ترے,tery
حادثہ,sehma
گرہوں,jigar
تومجھے,tujhe
آباد,islamabad
طہ,te
جد,sajid
ہوائیں,hawaen
ڈرل,darul
ہاؤس,house
بچانے,bachny
ایزی,easy
ہوجانے,hojaye
چھولے,cholay
ٹاءیم,time
فورجٹ,forget
عرشہ,hai
ماجِد,majid
قاءم,qaim
بلکل,bilkul
مؤو,move
پر,par
علامہ,allama
گۓ,gye
لکی,lucky
رسیو,receive
حکم,hukum
جس,jis
عاصمہ,asma
کدہ,kda
چھو,choo
حئٹ,height
نالائق,nalayaqlog
کمرھ,kamra
بجھ,nebujh
بردار,bro
صدر,saddar
نعمان,noman
ایکسپت,accept
طاقت,taaqat
فرمائی,farmai
گولڈ,ablegoldgood
جنگلوں,haijanglon
ٹوسٹ,2st
طرح,tarah
بانہوں,sub
مس,miss
عاشق,ashiq
محمد,muhammad
ابے,aby
اير,air
اجڑ,dilujjar
تائد,tag
آؤٹ,out
آہی,am
ہنِّی,honey
اپر,par
اولسو,also
دھڑک,dharhak
۱۰,10
فهد,fahad
ہیون,heav3n
مید,made
لعنت,la'anat
مشررف,musharraf
شاخ,replyshakh
گریڈ,grade
ڈیئر,dear
مت,mat
فرینک,frank
دتھ,death
پور,mirpur
ہفتہ,hafta
جنکا,jenake
رنز,rns
مذہب,mazhab
چھری,churi
فادر,father
مائی,my
پڑتے,party
فیکٹری,fctry
عامر,amir
خوشگوار,khusgowar
دعاؤں,duaon
ایریا,area
قوت,quvat
تسلسل,tasalsul
شخس,shaks
ڈي,die
زندہ,zinda
چينل,channels
کيٹ,cat
آئیں,aen
صائمہ,saima
تیا,the
عاصم,asim
لگائی,lagai
سیکسی,sxy
بٹ,but
انسے,say
نن,nan
لائف,life
سرِشام,sar
سؤم,some
ایج20,age
پیجیز,page
طلبہ,talba
مجرم,mujrim
ایٹیٹیوڈ,attitude
انز,ans
جتنی,hotajitni
سخن,sukhan
بلاک,block
پرہیز,perhaz
کمر,kamer
حسن,hassan
کپل,cup
ايوریون,hi
مولوی,molvi
شاولڈ,should
گراؤنڈ,ground
پرل,pal
محسن,mohsin
چیلنج,chalnge
اساسناشن,assassination
ایڈ,add
سنانے,sunany
پٹ,pat
فارورڈ,forward
جنت,jannat
جن,jin
جنازہ,jinaza
آجائیں,ajaen
اینی,any
شئے,shiye
نصرت,nastur
غضب,ghassb
زوال,zawaal
سٹار٠٠٧مجھ,sy
گءے,gai
خالہ,khalasugra9
ڈاوبل,double
عائیشہ,ayesha
کعبہ,kaaba
مخلوق,uskimakhlooq
پرندہ,parinda
لاءک,like
بےعزتی,baezati
بتاو,bato
چائنا,china
ہنسنے,hansny
جوں,jayun
کپ,wcup
علم,age
فنش,finish
زهره,zahra
رائیڈر,rider
سفر,safar
ایور,ever
سبب,sabab
فرنڈ,friend
صادر,sadder
ناشن,nation
کنارہ,kinara
مرہ,mera
بہتر,behtar
لہذا,lihaza
سمٹ,urhesimat
درجن,darjan
اسرائیل,israil
سکس,six
پیج,page
زمانہ,zamana
فائن,fine
ٹکے,tikke
لائن,line
بک,bookz
سرحد,sarhad
سنیے,sunaye
کویٹه,quetta
بھت,bohat
فٹ,fit
فیکس,fix
سٹ,sit
بیڈ,bad
انسانوں,ins0no
دان,sadan
مگر,magar
انسول,uncle
از,is
گوشت,ge3
ٹائم,time
پلیز,plz
ہسسی,hey
بواۓ,boy
سن,sun
ہپی,happy
قد,qad
پرنسز,princes
لائے,lain
دوائیں,duaen
تب,tab
اوٹ,out
غصہ,gusa
شرم,sharam
مدینہ,madina
بِن,bin
مطلب,matlab
شیّر,share
جاوید,javed
ہم,hum
آئے,aaey
سٹايل,style
قدرت,qudrat
گُم,gum
معاف,maf
لڑکوں,larkiyon
چھڑنے,chrny
ہزارہ,hazaraloverz
بونے,boy
صدام,saddam
سیزن,season
طلب,talab
بچھڑا,bichra
دھبہ,dhaba
ڈففکلٹ,difficult
تگ,tag
حج,hujjat
خشحالی,khushali
آفِس,office
سالہ,salya
ایش,ash
باۓی,by
کھلاڑی,khiladi
ددی,di
انوایٹ,invite
ستھرا,sms
سیم,same
لایءٹ,light
پوچھتی,pochti
شکریہ,shukariya
مای,my
روزنامہ,detailsroznama
ریز,rays
چھڑا,chura
پوچھنی,puchni
ٹي,tie
ینی,uni
لیزی,lazy
بیلا,sub
کوو,koi
بلینک,blank
ايس,rhe
زہریلی,zehrali
ہیئر,here
ھر,har
انڈکاشن,indication
ینگ,young
صحابه,sahaba
سریل,sariyal
پڑھانے,parhny
پوچھتا,pochta
بردر,bro
سلسلہ,silsila
لڑکے,larky
قطرے,qismat
خار,meinkhaar
مسج,msg
لائین,line
سائیلنٹ,silent
در,dar
وائس,voice
مینی,many
صلح,salah
کہيں,kahin
پنس,penis
صبر,sabar
مچل,machal
هےں,han
پت,pat
اینٹینا,intena
تلے,taly
گرو,netguru
طیبہ,tayaba
فیک,fake
فطرت,fitrat
ریکارڈ,record
هوتيں,hoi
غلاظت,galaazat
الیکشن,election
فرنيچر,furniture
مر,mar
چھوٹی,choti
شکوہ,shikwa
روئیں,royen
جگہوں,jagaon
مرکز,markaz
کائنات,kainat
مچھر,machar
پشاور,peshwar
کروڑ,lak
رلیکسس,relax
حبيب,habib
مائل,maa'il
هم,hum
منفرد,munfarid
حيمين,human
مدّت,muddat
لوو,love
بھلے,lobhaly
ٹاوچ,touch
پسند,pasand
رشتہ,rishta
رک,ruk
جھنگوی,jhangvi
تک,tak
سٹاپ,stop
کچی,chachi
ستر,sattar
ایک,ek
ہاؤ,how
لمٹ,limit
بواے,boy
گھوسٹ,theghostslam
رت,rut
ایج,age
ایجنڈا,ga
جبہ,jab
اڈوس,advice
خضر,khizar
ابيوز,abuse
میکس,mexi
مختصر,mukhtasir
جائے,jaye
نين,nine
تکے,takiye
گئی,gai
لايٹ,light
اٹک,attock
اکتیویت,activate
جاۓ,jae
محور,mehvar
سائلنٹ,silent
دھیان,dehan
چھوٹا,chota
فائرنگ,firing
گئیں,gae
لئو,leave
ڈائٹر,daughter
یں,me
اِسے,isy
گھی,ge
لڑ,lar
لا‍ءف,life
آئینہ,aaina
ہوۓ,hue
خم,urslfkhumari
بلوں,billo
سين,can
سسٹر,sister
فکر,fikar
قسم,qasam
اففففففففف,ya
حجر,hijar
گوار,khushgwar
مودر,mother
کفن,kafan
پپر,paper
گل,gull786
جگہیں,jagay
سلسلے,silsily
فیس,face
ایوان,aivan
یک,yaq
چھپ,chup
پ,ap
ورنہ,warna
بازو,jabrey
ہیری,cherryhazara
کوئ,koi
جيلاوذي,jealousy
گُد,god
غربت,gurbat
نسائی,nisai
دلاور,deliver
ھوئی,hoi
کم,kam
ڈبل,double
یمنی,yamani
لیو,lev
قطرہ,wasiqatra
انجم,and
اذ,is
فکرمند,fikarmand
دلاتے,dilaty
پرسز,princes
ميل,male
فائل,fail
یوز,use
سڈ,side
پڑ,par
پٹاخہ,pathaka
قضا,jaoqaza
قائم,qa'em
نثار,geonisar
مقصد,maqsad
روانڈ,round
پہلو,pehlao
طلبگار,talabgaar
سنائے,sunae
کير,car
محنت,mehnat
کھلنے,khulny
تنہائی,tanhai
فريڈے,friday
ڈاکٹر,dr
حيٹ,hat
گيأڈ,guide
جیون,jevan
ایوری,every
سکو,sho
سولو,solve
لکن,lakin
ٹرأول,travel
پیکج,pakge
انجیل,angle
دربدر,badar
منتظر,muntazir
مرتبہ,martaba
کیوٹ,cute
شکر,shukar
الیکٹرانک,electronicmedia
مکمل,mukammal
مسکن,muskan
کدھر,kidhar
بھٹک,bhattak
قدم,qadam
دل,dil
هین,han
لبر,labour
لپٹ,lipat
گائیں,gain
گوورنمنٹ,govt
طارق,tarap
کيسٹي,caste
ڈاوبٹ,doubt
محب,mahubat
نئی,nai
ی,dil
طلحہ,talha
مقابلہ,mokabala
مقدر,muqadar
ڈرایونگ,driving
بہار,bahaar
گیئں,gayn
چارجر,charger
گیس,gas
مل,mil
ہمہ,huma
گارڈ,safeguard
زنگی,zindgi
گئ,gi
پوئیٹری,poetry
محسنیاد,mohsin
تحت,thasub
لي,lie
ایکٹو,active
ایڈریس,adres
مسسج,msg
الفت,sar
ٹاپک,topic
ہیم,hum
ل,ill
مقام,muqaam
سرو,srve
فِٹ,fit
دوم,skydome
انلمیٹڈ,indian
للٹريٹ,illiterate
انسأڈ,inside
زم,zimka
فھيم,faheem
ابّا,abba
سجدہ,sujda
کونسٹرکشن,construction
عائشہ,ayesha
نائلہ,naila
اپريل,april
ههےے,hai
ائٹي,eighty
کولیج,college
پرست,parast
سیمی,sami
مسلمز,muslims
ویئر,whr
منگنی,magny
اپڈيٹ,update
ہاو,how
مراد,dilmurad
پڑھیں,pak£=£)parhai
فنجر,finger
نظارہ,nazara
پیپرز,papers
ڈرائیور,drivr
وجه,wajah
شائد,shyd
پچھلے,pichle
دلے,dil
رب,rab
مميڈيٹيلي,immediately
کک,kick
نائن,nine
بسسٹ,basit
ٹیکس,taxes
ہائیٹ,that9
بھئ,bhai
بننے,banay
اين,an
مدد,madad
بل,bal
دکھاتے,dukaty
پرکئیٹکل,practical
لٹ,lote
چمن,chaman
ایدمن,admin
جنّت,jannat
ایچ!آی!آی۲,kha
پرسنل,personal
بھولے,bohly
مجمه,majma
اِز,is
کبر,akbar
حر,nhihar
گندے,gandy
منظر,manzar
غیب,ghayab
سکتے,sakty
پاوگے,paaogy
کييوز,cause
بلیو,beliyo
منزل,manzil
بادشاہوں,badshaonki
سلٔور,silver
بدمعاش,badmash
دلبر,dilber
فقط,faqat
سگنل,signal
تہے,thy
پنسل,pencil
شعر,sher
قاری,qadirbux
مائیں,maayen
ڈرنے,drnykabole
ذمہ,zama
چھ,che
عا,bat
شیک,shak
انسين,insane
معاملے,mamlay
پہن,pehan
فارحين,farhan
قائل,qail
گوز,goes
مسلم,muslim
پڑھاتی,parhte
پلين,plan
حرام,ehraam
ٹراے,try
دوائی,dawai
میڈل,madel
الہَّا,allah
فن,skyfunsantoshdost
کمال,kamaal
بچے,bachy
گھنٹہ,ghanta
فولّو,follow
پليڈج,pledge
منصور,msnoor
دلائل,dlail
میسسج,msg
فرقہ,farqaleet
علیشا,it
من,man
حسبیند,husband
چہ,che
ھم,hum
ايسی,isi
لٹل,little
لائٹ,light
گردش,uljhangardish
کائی,koe
اللام,salam
پوءتڑی,poetry
مائینڈ,mind
بوائیز,boy
مریم,mariam
بچو,bhejobecho
جبر,jaber
وائز,voice
يه,ye
سینٹ,decentnaveed
کرم,karam
طعنہ,taana
ٹل,tell
پيس,pace
ٹرے,try
دم,dam
دیول,devil
ريسئو,receive
سماج,smjh
بکا,sabika1
کئی,kai
نۓ,new
سنی,sunny
دِن,din
پوٹ,pvt
ڈوم,skydome
سحر,seher
شاذ,shz
فيٹ,fat
اِم,im
غرض,gharaz
همہ,hmm
سپر,super
لیڈ,skale
لقب,laqab
راجہ,ashraf
فرصت,fursat
کوئن,queen
دیکھی,hogaedekhi
سترہ,sitara
الجھے,ujlay
بوکز,box
لب,lab
باے,by
سائیلینٹ,silent
ٹیکسٹ,txt
موبیک,mobile
جگ,jug
لسن,listen
لہجہ,thalehja
نسان,nishan
اينڈ,and
زحمت,zehmat
فہد,fahad
ملوں,haimillo
تھکی,jaothaki
کاپی,cpy
گروپس,grps
اچھل,uchal
ڈر,dar
پتھر,pathar
اينجؤاے,enjoy
وغیرہ,wagera
قلم,heqalm
کیبل,cable
جسٹن,justin
سننے,sun'ne
ھنر,hunar
خبر,khabar
صفائی,safai
ٹیگ,tag
انفارمشن,information
کوارٹر,quater
بخیریت,ba
سائٹ,site
فين,fine
قربت,qurbat
بس,bus
تریکس,tracks
جذبہ,jazba
کوئی,koi
ماج,image
لوکڈ,locked
انٹينشن,intention
نیہں,nhi
لمحہ,lamha
پریزنٹیشن,presntatn
وورڈ,password
توبہ,tobakiya
لاہور,lhr
ماءی,my
پروائی,purwaai
پی,pk
حمزه,hamza
چھوا,chua
چھوڑا,chora
يساج,usage
نہی,nai
پنناسول,pinnacle
ممکن,mumkin
ورڈز,words
بھائیوں,bhaion
ستاتے,sataty
ایشیا,asia
لاۓ,la'aay
حل,hal
کمبخت,kambakhatbahir
ارڈر,order
سمندر,samandar
مٔي,may
پس,pas
آوروں,hainauron
کہہ,keh
نقاب,naqaab
دهی,sindhi
بھائیو,bhaio
تاب,betab4u
مرہم,marham
بکش,bakhsh
وٹ,what
ايٹ,eat
بچھا,bicha
گیو,gave
پو,gepoetri
دعا,dua
کڑکٹ,cricket
جزیرے,jazery
وقوف,bywaqof
لائق,laa'iq
قرینہ,qarina
جلن,jalan
شہ,haisheh
مہینے,month
چھوڑو,choro
کرييٹ,create
بلیک,black
۱۲۴اؤشا۸۹,124
هولو,hello
انسٹیٹوٹ,insitute
اسلم,asalam
تھینک,thank
کمپیوٹر,computer
نک,nick
نم,num
بہت,bohat
اَبدُّلہا,nan
کیئر,tc
چیپٹر,chapter
پرنسپل,principal
بیر,tabeer
ورک,ntwrk
صبح,subah
مثال,misaal
تن,tan
بچھڑے,becharay
پچھلا,pichla
لدھیانوی,ludhyanvi
گیم,game
جہلم,jhelum
اان,un
ڈرائیو,drives
زو,z0o
حادث,hadees
میجِک,magic
ایڈٹ,edit
سراسر,sara'sar
مغل,mughal
فاصِل,fasil
ااپنے,haapna
بلبل,bulbul2
ساءیلنٹ,silent
آصِف,asif
غلط,galat
ستارہ,kisitara
نس,nice
فخر,fakhur
راونڈ,round
جب,jab
فروري,february
مانگو,ktm
بنانے,banany
ختم,khatam
دِدّ,did
بڑاہی,barhai
غزنوی,ghaznavi2
ہنکس,thanks
کزن,kazan
پھیرا,pehra
لارج,large
مطلق,mutaliq
بتائے,btaega
محفوظ,bkbh1mehfoz
سنّت,sunnat
فلاح,saifullah77
رگ,rahger
چارہ,paya!chara
قصے,qissay
محرک,muharak
کاٹیکٹ,contact
اُس,us
کاز,bcz
جمعرات,jumerat
مفلس,muflis
ذلت,zillat
کھیلتے,khaltay
نبوت,nabuwat
رہتیں,reheta
نه,na
جاذب,jaazib
رٹس,rates
ایکسپٹ,accept
الیاس,bakhairilyasshah
لن,lun
چھے,chaye
چينج,change
نائیٹ,night
چیت,chat
معاویہ,mavia
محبت,muhabbat
لائیں,line
ڈیز,c”des
گاٹ,got
یه,ye
پاۓ,paey
شاہد,shaid
دھکّا,dhaka
جائیں,jain
ایز,as
امّت,ummat
کنول,kanwal
کامل,skan
الٔو,alive
رہ,reh
میت,mayyat
مچھروں,machron
سوسائیٹی,societykoi
بسی,bassi
سٹایل,style
چندہ,chanda
زرہ,zara
لؤو,love
میوزک,music
سہ,seh
یز,is
ماے,my
رووز,roz
نمبر,number
محل,mahal
ملک,malik
۵۰آپ,50
کٹ,cut
نائٹ,night
بتاؤں,baton
یل,aik
طرف,taraf
خزانے,gayekhazaane
منگوا,mangva
کالر,killer
نُٹ,not
گرم,garam
زے,zax
ویدر,weather
پیئیں,payenge
کنورٹ,convert
مستقبل,hmry
اِنٹرو,intro
جلے,diljaly
سائیٹ,website
کونسی,k0nsi
ایپس,apps
تجربات,zaat
اترنے,usaysagar
ایکسپریس,express
پِنجرا,pinjra
ٹیگس,tags
تعلیم,education
عروہ,urooa
ایران,iran
بھیجو,bejo
کوکک,kick
يٹٹربيٹي,attribute
حویلی,havali
یہر,year
راوی,ravidear
پرو,private
سنبھل,sambhal
مینوئل,manual
پائیدار,paidaar
زر,shahzaar
ار,vania
اوڑھ,oarh
عنقریب,unqareeb
کھیلا,karte!hum
نسب,amenmrfn
نعمت,4ndz
سٔٹ,sight
نسخے,jisnay
رنگت,zarad
فالو,follow
انویسٹیگیشن,investigation
جج,judge
کیک,snkk
فٔٹ,fight
عوض,ewiz
سيٹيرڈے,saturday
اگ,8swal
وائیرس,virus
ديست,dost
انیبوڈی,with
چھپاتا,chupata
بیک,back
انگیز,magar
ائیر,year
ميچ,match
لیبر,labour
ہلکا,khuram
لینڈ,4ndshpland
رضوی,allrizvi
رنڈی,kory
ٹٔم,time
جیز,jazz
بزنس,busines
عدل,gudaljesani
منزلیں,jism
توجہ,cncrtrate
وون,von3
يٹٹراسٹٔو,attractive
لیکچر,lacture
یوکی,lucky
جاورنيي,journey
انکالاب,bhai
ایڈوانس,advance
تفصیل,detail
ادارے,daira
يونيورسٹي,university
بیلنس,balance
فرئینڈز,friends
یحییٰ,hainprince98bhai
جلتا,dhagabolajalta
اکامپل,example
زُبیر,zubair
وعدوں,vaadon
آئینے,aienay
گرام,gaya
اپشن,option
اینجلس,angelzz
انجیرننگ,engineering
ٹاورسٹ,tourist
رس,letilarke
ایڈمشن,admission
راولپنڈی,rwp+isb
نؤومبير,november
پھیلائی,pelai
بندی,bhaio
کرینگے,karangyplz
پوزیشن,position
کرپشن,khatme
اسسسلم,slam
عظم,uzma
آیڈیا,idea
محترم,warahmatullahmuhtram
رخان,rehna
عظمہ,uzma
صوبہ,salme
چھٹیاں,chutiyan
گِو,give
ٹاورنامنٹ,tournament
اومان,romaan
کھولا,nikleq
سوچے,s0chay
عبرت,bara
آئینی,aini
رہوں,bikhar
پنشوں,pension
سائیں,bolasaien
پہنچے,punhchy
ہورہی,rahi
اویس,owaisshah89
ہزاروں,mashghalay
اِگزیمز,exam
مارننگ,morning
ایڈورڈ,edwward
اپسے,thanks
اکیس,amxamix
رین,never
کانیرو,kong
ڈاون,down
پاکٹ,tounkopocket
امتحاں,start
وِد,with
کھڑے,keerry
پین,0000fun(ghazal)pen
اسپيک,speak
آئندہ,ainda
سافٹوئر,software
ٹارچ,torch
کونیکشن,purchase
عشا,esha
سیلف,introduc
وزن,uska
حماد,bhulo(bekan
فرشتہ,1farista
گاہے,diamondguyisay
ہاٹ,hottttmra
ایمرجنسی,cardiac
لیول,ailmranx
بلاگ,chemistryblog
ایگزام,exam
رینک,rank
آہ,gaiaaaa
ایٹرکشین,attraction
سبی,dostn
بولتا,b0lta
سِٹی,city
اينبيٹي,anxiety
عزل,tips
سَم,some
ایٹ,other
تحفے,gift
عظمیٰ,uzma
گڑھ,gadha
سروس,service
ایے,absar
مہمند,ajmalmmd
تعارف,intro
عون,sar0n
ؤور,over
اہنے,apne
انر,owner
عبداللہ,hadis
نچوڑ,loonphir
چھوڑیں,chorain
ڈھونڈتا,kodunta
عثمان,usman
اتارے,otaray
کامرس,c0merce
ٹاون,town
مشن,mohsin
اخیر,akeer
کتابیں,books
قانون,mutabik
مہرہ,qaimchatmyra
کچہری,karn
شہری,gisherilandchopaal
اصلی,real
یوٹوپیا,utopia
سائنس,science
حول,hall
الیہ,ap(s
یگزیمز,result
شش,sssshhh
سعودیہ,afghanistan
بیگ,(lishbag
چھڑانے,chernay
گینگ,gang
الہ,chaheay
ئوريوني,everyone
عمر,umar
کالج,college
ریزرو,reserve
آکشن,section
دہلی,dali
ڈی,dmps
هُورّر,horror
اِنفو,info
ديرسڈے,thursday
ٹیپ,pinklovetip
اولاد,ulad
چھونے,choonay
کنکشن,connection
راکی,rocky
بہتے,bataye
نيٹيرال,natural
اونر,owner
سسر,sara
سوئمنگ,swimmingpool
اکپلوسون,explosion
ہندوستان,nahihar
ووٹ,vote
نئے,naye
پوتی,prinda
رزلٹ,result
میچ,match
ٹيم,pakistani
اخبار,akbar
سمی,student
بوائے,pehleb0y
يٹٹورنيي,attorney
ئوننگ,evening
زائد,zaidsmart2
يونيٹڈ,united
عظمت,dahar
ہدایت,jahe'n
ایوننگ,evening
تکسی,taxes
آئیندہ,ainda
ڈھونڈو,dundo
میچز,matches
لکھی,successfully
اکزسٹ,exist
یپ,fever
اولین,3avilian
ایگذوربینٹ,love
دونگا,d0nga
برائی,bhihaar
ٹوجدر,together
ڈئولوپ,develop
ایبل,send
بھیجتے,bajtay
ایکسٹرا,extra
سپیسیلی,song
آمدید,warna
ایمان,eman
عارف,brothr'sarif
مُسلمز,muslims
اتھر,amazing
حائل,childhood
یوزر,user
مئ,salam
پھیلا,paila
زخمی,zahkme
امکان,rahen
ڈکشنری1,dictionary
ودر,other
قافلہ,muskurata
اگلے,chup
داون,down
ناردرن,nrthrn
یونیورسٹی,univrsity
ابن,daod
وائرس,virus
اڈوانٹاج,advantage
مارنگ,morning
ارتھ,jagng
ہفتے,hame
فٔو,five
سئونٹي,seventy
میونسپل,muncipal
ہوگئے,h0gy
ائر,study
انوٹاشن,invitation
حسين,shaher
يونئورسي,universe
نٔٹ,night
اونچا,uncha
آکسیجن,oxygen
نیشنل,intrnational
سانگ,song
کیٹس,cats
لئے,liye
علاوه,elawa
ہینڈ,hand
لیکر,welcm
داوسانڈ,thousand
٢٢,sindh22
ایکو,ecosub
آئمہ,aima(a
فیشن,fashion
جنوب,mashriqmagribshumaljunoob
ن,mumkin
انوسینٹ,salam
اِنتڑو,intro
ياورسيلف,yourself
ایٹم,atom
٩,aswadsapnag9
بدتمیزی,batmeezi
اگینسٹ,islam
یوزڈ,against
جہنم,funlandjahanum
نائین,ninecutshahzad
پالیسیاں,policyion
بلو,chemistryblog
رد,earthridder
اوشن,ocean
اوراق,oraaq
یونِٹ,unit
داود,2davdaas
میلوں,giletmse
بورڈ,broadcast
اوور,loverr
لئیے,liye
چھوڑنے,chodney
اسپرٹيال,spiritual
ائی,die4pak
دیس,dob08
ہوگے,h0gae
ووٹي,vote
گنبد,hungumbad
بزی,busy
وڈیو,video
پکچر,picture
سئورال,several
اسپيسال,special
تل,maintum
ہوبا,sahar
تاجکستان,hindustan
چاہ,chaaaaaaaa
پیرنٹس,parents
حنیفہ,mzhab
ایکشن,section4
جیسمین,jasmine1
رجسٹر,registr
کيرڈ,card
سودائی,soadayidhoondta
عیاں,mein
انڈوں,ghonslay
میڈم,madam
سکسٹي,sixty
اکرم,bhoslyaman
سٹينگ,setting
قدموں,aankhe
اُن,sunsandil
ابھرے,obharay
لیب,udaslab
آسم,main
اونپوچھ,none
چھپانے,chupanay
سٹارسلام,salam
عمارت,faseelen
مینجر,manager
ذانگ,zong
گھاس,gusa
اجازت,this
اجڈ,aged
بخشے,bakshay
اِسپیک,speak
عمال,lana
وائبریشن,follow
ایئر,year
اوٹکري,outcry
سشول,school
ڈیٹا,data
۱۰۰,k100
کٔم,come
کلمہ,kro1)kalma
ڈیوڈ,davdaas
سنتے,asul
رئپلاۓ,reply
ننبر,number
سانپ,bichho
ايرتھ,earth
اوران,uraan
وسیع,upny
بھولا,bola
شہک,shaukat
تصویریں,tasveerainphir
عضو,ajao
اکپينسٔو,expensive
ایجوکیشن,education
آیات,murad
اونلاین,online
اوپن,open
اغوا,kidnap
ایوانے,dewaane
ہوم,hmpg
ہز,this
ماونٹين,mountain
ووڈ,void
لۓ,liye
عمرزئی,beauty
فائی,fai
مٔٹ,might
سہتے,tamasha
ہیک,hack
اسپيڈ,speed
يونئورسٹي,university
مآءیند,mind
اُساما,usama
اسپلٹ,split
مجال,zaman
ایر,year
لٔور,liver
اوپر,upar
راک,rock
ائٹ,eight
لاڑکانا,larkana
ٹيرن,turn
جوﻻٔي,july
انفو,info
چیکو,chekoo5
ون,one
پڑے,pare
پول,pol
نونی,none
کرتی,krti
کیجیے,kejye
روپا,roopa
الليرنگ,alluring
قبض,qbz
مررید,married
سادگی,saadgimeri
بھنگ,bhang
میں,main
١٠٠٠,1000
نھیں,nahi
لاسٹنگ,lasting
فلوير,flower
جیب,jaib
شکست,shikast
نگری,nagri
سہیل,sohail
ریبل,rebel
مطالعہ,mutala
رنجش,ranjish
جیتنے,jety
گوریلا,goreela786ali
باہر,bahir
پيوپل,people
پکایا,pakaya
بھٹکنے,bhataknay
اٹھیں,uthen
بوجھ,bojh
سانی,sani
سیا,saya
اصول,asool
مہتاب,mhtab
ٹھنڈا,thanda
لگنا,lagna
لڑنے,lrny
کتابوں,kitabon
دریا,darya
جيسٹس,justice
مارتے,marty
کمانڈ,command
رکھتی,rakhti
اکیلے,akele
اگر,agr
رابی,rabi
یر,yr
دتا,dita
ریجیکٹ,reject
چاغی,chaghi1islamabd
ه,hyye
تیز,taiz
لوہے,lohe
امجد,amjid
رکهتے,rakhte
رانجھے,ranjhay
بیٹری,bettary
ٹوڈے,today
سری,sari
مسالا,masala
تنہا,tanha
سانڈے,sunday
عالم,aalam
الینا,alin8
ہاته,hath
حضرات,hzrat
بابا,baba
طنز,tanz
پيٹرول,petrol
وابسطہ,wabasta
سادے,side
کاغذ,kaghaz
لمحوں,lamhon
مورگن,morgunmeri
تصو,taso
ابسنس,absence
۱,1
بھر,bhar
نیکی,neki
یاران,yaraan
دلاتا,dlata
سردار,srdar
پکڑنے,pkrnay
بیچارے,bichare
پاگلوں,paglon
لینا,lena
انڈر,undrwere
رومںٹک,romantic
ڈانٹ,dant
یزید,yazeed
وپپريسون,oppression
کپڑوں,kapro
هال,hal
آصف,asif
ٹیم,team
دورانی,duarani
سمجھو,smjho
دوبارہ,dobara
چیزوں,chezon
کہو,kaho
مسکرا,muskra
حیا,haya
گلوبل,global
ریما,rema
بیٹھو,betho
مریض,mareez
کھاتے,khaty
کتا,kuta
میمن,memon
بیٹه,baith
تو,to
توڑنا,torna
مغرور,maghrur
ہوگئی,hogi
باهر,bahar
بچپن,bachpan
ٹھنڈی,thandi
بجتی,bajti
خوا,khwa
کوالٹي,quality
انسورريکٹ,incorrect
برتن,brtan
مسکت,mscit
ملو,milo
دعوا,dawaa
دروازے,drwazay
پلے,playboy
خمینی,khumaini
يسيفيل,useful
خوابوں,khwabon
کونفرم,confirm
جولائی,july
پیغام,paigham
ممبر,membr
بہنا,behna
عام,aam
گرمی,garmi
سٹورم,storm
لوٹو,loto
کرسی,kursi
انڈو,ando
ورڈ,wrd
غفلت,ghaflat
بولیں,bolen
پکانے,pakaane
اپکو,apko
ورگنال,original
جھٹ,jhot
انتظام,intazam
بھای,bhai
سیکھے,sekhy
قاسم,qasim
واٹر,water
چو,choo
ونگ,wang
نوشی,noshee
غمگین,ghamgeen
جانتے,jante
آوٹ,out
ہسبنڈ,husband
ان,un
کاش,kash
پھیلی,paheli
کیللر,killer
ٹیلی,telenor
اکیلی,akeli
دکھایا,dukhaya
ساره,sara
ٹابل,table
گجرانوالا,gujranwala
لاٹر,later
مزدور,mazdoor
اڑی,ari
ملتے,milte
شد,shid
اسے,usay
آخر,akhir
جذبات,jazbat
ماحول,mahol
چوہدری,ch
مربی,mrb
آہن,aahn
برفی,barfee
بتانا,btana
زیوس,zeus
رھا,raha
گیاہ,gaya
آلات,aalaat
دہلیز,dehleez
ساحل,sahil
يير,year
پنگا,panga
اوبیڈی,e
نیو,new
چیک,chek
کوکا,coca
سڑکوں,sarkon
سنڈے,sunday
شخص,shakhs
وکيپي,occupy
بدی,budai
کیٹی,kiti
ہنسا,hansa
معلوم,maloom
گری,giri
سیریل,seriali
پنجاب,punjab
لاذي,lazy
عزتی,bazti
گڑھی,garhi
تسی,tusi
توں,tu
٢٨,28
ذيرو,zero
سنبھال,sanbhal
بحرانی,behrani
لکیریں,lakeerain
نپال,nepal
ہاں,han
انوگف,enough
نوٹس,notice
٣٠٠,300
سنار,sinar
16,16
مردوں,mardon
بیٹی,beti
ساجن,sajan
ہارٹ,heart
نيمبير,number
بیت,beet
کمار,kumar
اٹھایا,uthaya
نیلم,neelam
مارکیٹ,market
ٹونگيي,tongue
روزانہ,rozana
ممبرز,membrz
پڑھنے,parhne
کما,kamaw
بیٹے,bety
اکسيس,access
بیوٹی,beauty
ستا,sta
پختون,pukhtoonkhva
اختیار,ikhtiyar
وہے,wahey
یارر,yar
پڑتی,parti
لوھا,loha
باتھ,bath
ادھو,adhora
بیکار,bekar
ماؤں,maaon
ہبہ,hbh
وو,wo
دیکھو,dekho
هونے,hone
یاد,yad
شام,sham
لطف,lutf
زبانی,zubani
بجلی,bijli
انکليڈي,include
درمیان,darmian
سا,sa
گانے,gane
احوال,ahwal
پکانا,pakana
تازی,tazi
کہنے,kehne
ممبروں,membro
رید,reed
حرا,hira
پار,paar
رکھو,rakho
نہر,nehr
بریانی,baryani
جایا,jaya
نادانی,nadani
هوتا,hota
کھلے,khuley
کوٹ,kot
ساں,san
مینس,means
اليرٹ,alert
چٹنی,chatni
ہجوم,hajoom'e'dostan
1,1
دروغ,darogh
شیعہ,sheya
اللاه,allah
خاکی,khake
جوش,josh
لیفٹ,lift
عمران,imran
بھری,bhari
تلاش,talash
بت,bt
انتھ,an
ھوا,hua
حاصل,hasil
بوڈی,body
لکھیں,likhen
ہان,han
واجب,wajib
حساب,hisab
فیصل,faisal
شانت,shanti
واپڈا,wapda
کب,kb
ضمیر,zameerkon
سہا,sahara
ہمدرد,humdard
مارري,marry
نظارے,nazarechopal
روبرو,rubaro
آسودگی,aasoodgi
گنے,gine
اداس,udas
بو,boy
تاکہ,ta
ناواقف,nawaqif
ھاتھ,hath
راس,ras
ريميمبير,remember
دادی,dadi
کومپلٹ,complete
غیروں,ghairon
نکلے,nikle
مرسی,mercy7halka
ہاتے,hate
پٹھانوں,pathano
١٠,10
کفایت,kafiyat
ہی,hi
چوزہ,choza
لیڈی,ledy
ملیں,milenge
چاہتے,chahte
رہتا,rehta
ریکوسٹ,request
ميمون,memon
گرین,green
آرہی,a
فور,for
محمّد,m
سی,c
نو,no
آپس,aps
کیو,q
جناب,janab
ٹھہرو,thehro
علان,ilaan
ذی,zy
جینی,jenai
وعدہ,wada
ردا,rida
اٹھا,utha
وسلام,wasalam
حجرے,hujre
چاند,chand
ستوں,ston
بے,be
فري,free
طرار,traz
صرف,sirf
دھونی,dhoni
ببلی,bubli
چارم,charming
۱۹۹۹,1999
کہن,khan
آنچ,aanch
حسب,hasb
گريف,grief
کھیلی,kheli
ریشم,resham
بہادر,bahadur
ذيل,zeal
تاڑ,taar
سومرا,somra
کينٹري,country
عادت,aadat
اپن,apun
تھرٹي,thirty
١٤,14
فارغ,farag
پیس,peace
ٹریٹ,treat
سینگ,seng
سلینتھ,silent
شروع,shuru
لونگی,loun
ونڈو,window
شھد,shahd
ربیکا,rabica
وہیلر,whealr
کوپی,copy
٧,7
انڈیا,india
ویل,wel
دفع,dafa
قبولیت,qaboliat
وادي,wadi
راحت,rahat
تبدیل,tabdeel
رپورٹ,report
سونا,suna
امانت,amanat
حدیثِ,hadees
مزاحیہ,mzahya
شون,shown
سینے,sene
شریف,shareef
عدنان,adnan
تمھاری,tmhari
زیل,zeal
شي,she
پریشانی,pryshani
انو,suno
شادابی,shadabitumhein
مینے,mene
بڑی,bari
کپڑے,kapre
ہما,huma
دونٹ,dont
ر,r
شادی,shadi
چوریاں,choriyan
سٹانڈ,stand
انیس,anis
سالی,sali
ٹوٹا,tota
30,30
ساما,saima
دوزخی,dozkhi
حوٹ,hot
عباس,abass
لیتے,letay
سونیا,sonia
جتنے,jitne
بجھا,bujha
فاحيم,faheem
گانا,gana
روتا,rota
فریب,fareb
بتایا,btaya
آس,aas
سٹين,stain
گرلس,girls
اسکا,uska
فرض,farz
منٹ,mint
طاہر,tahir
انجيسٹس,injustice
نفرتوں,nafratonka
گیٹ,getsensiblehi
آیا,aya
مہندی,mehndi
پہنچ,pohanch
رهی,rhi
ميرے,mere
فاملي,family
جے,j
نیچے,nechy
بوڑھی,borhi
منيٹي,minute
بین,behn
گہری,gehri
بال,bal
دانت,dant
جہاز,jahaz
سنسیر,sincere
کرٹين,curtain
دونوں,dono
سمجھایا,samjhaya
هے,hai
شہرت,shuhrat
باغ,baagh
مات,maat
جوي,joy
دیکھتے,dekhte
بجانا,bjana
آبی,aabi
افغانستان,afghanistan
ہونا,hona
پسی,pseibbpu
بیہودہ,behoda
والسلام,w
گوم,gum
نان,nan
کھا,kha
عمل,amal
کھڑا,khara
آں,aan
ازاں,azaan
جذب,jazb
اٹھتے,uthte
ٹانگیں,tangy
پھولوں,phoolon
ویسے,wese
پڑھاتا,parhata
بورن,born2love
کڑیاں,kuriyan
پاکستانی,pakistani
جتنا,jitna
پوانٹ,point
لال,laal
ستاروں,sitaron
بدنصیب,badnasib
تھنگ,thing
سرکار,sarkar
حفاظت,hifazat
خو,khu
برابر,barabar
پينچ,punch
مانند,maanind
ڈرنا,drna
خیالوں,khayalon
شو,shoo
کروٹ,krwat
مانگا,manga
کشش,kashish
راب,rab
کري,cry
بوبی,boby786
ہنی,honey
بنک,bunk
برو,bro
حيرڈ,heard
اسم,asim
پرانا,purana
سييڈ,syed
ریپلاے,reply
حو,ho
گجرات,gujraat
شدید,shadeed
جاتا,jata
سکتی,sakti
بیا,bia
ذکر,zikr
ح,happy
انکنون,unknown
اظہار,izhaar
جاننا,jan'na
جانے,jane
وار,waar
موہ,mo
نیٹورک,network
بھیجا,bheja
لؤڈ,load
بیٹا,beta
کہانی,kahani
تمہارے,tumhary
سیند,send
آنی,ani
موجود,mojood
آونگا,aa'oonga
یکی,yaki
چا,cha
سہارا,sahara
ہرٹ,hurt
نعش,nasha
ادھورے,adhore
پاتی,pati
پهر,phr
دھمال,dhammal
نها,naha
بابر,baber
ستاس,stas
آدھی,adhi
کرنا,krna
چلا,chala
شباب,shabab
دوزخ,dozakh
کاندهار,kandhar
ہیروز,heroz
غار,ghar
بولنے,bolne
مارنے,marne
فنڈ,find
کالا,kala
حالات,halaat
لیتی,leti
وکٹوں,wicto
خلوص,khaloos
شارق,shariq
روکی,roki
آجاتا,ajata
سان,saani
غور,ghour
محبوب,maheboob
بیچتا,bechta
لڑکی,larki
بیٹھے,bethe
سیکھ,seekh
سخی,sakhi
دھوپ,dhoop
وکیل,wakeel
اقرار,iqraar
مورخہ,morkha
پرندے,parinde
دیکھوں,dekhun
دیرا,dera
تمکو,tumko
بروتھر,brother
دکھا,dikha
نقصان,nuqsan
عزاب,azab
گزرا,guzra
اڑتے,6urte
لگاو,lagao
پیو,pio
زنگو,zingoo
با,ba
گھوڑا,ghora
باطل,batil
مٹھا,mutha
روح,rooh
اشتہار,ishthr
بننا,banna
پڑھی,parhi
ڈرٹی,durtyguy345
را,raat
ٹھوکر,thokar
ہزار,hazar
نالی,naali
یہیں,yhi
حبیب,habibjaan
جوف,jauf
ظاہر,zahir
ہیلتھ,health1
رسم,rasm
تين,teen
واٹ,wat
دھم,dhammal
سٹارز,starz
گرمیوں,garmiyon
بات,bat
پیاسا,pyasa
تفری,tafre
چاہتی,chahti
موہر,mohar
چاہوگے,chahoge
ماتم,matam
حي,he
مونڈے,monday
سہی,sahi
سکھا,sikha
فہیم,fahim
صفدر,safdr
سلطان,sultan
عارضی,aarzi
سورج,suraj
گیت,geet
سودا,soda
وضاحتیں,wazahteinkesi
انٹری,entery
مونا,muna
کھاکر,khakar
رول,rule
اہم,ahem
چنو,chuno
دیو,daiyo
تارے,tare
اڑ,urr
دورہ,dora
چلیں,chlen
پاسٹ,past
انے,aane
جيلي,july
مہنگائی,mehngai
مخالفت,mukhalfat
کرکيٹ,cricket
ینجوے,enjoy
ريپورٹ,report
پشت,pusht
گنتی,ginty
اردو,urdu
تھن,thin
طالب,talib
ھوگا,hoga
کراچی,karachi
فاروق,farooq
مولا,mola
وین,whenevr
پرنٹ,print
خلاد,khiladi
کرو,kro
چوک,chocklate
نقش,naqsh
گولیاں,goliyan
فورس,force
انگ,ang
حمو,humor
اسلی,isly
فرق,farq
سب,sb
آفٹر,aftr
ييل,yell
يٹس,etc
سول,soulzy
نرم,narm
گاوں,gaaon
نکلنا,nklne
تیاری,tayari
ہاہا,hahahahahaha
مورنگ,morning
بزم,bazm
اپپيرانس,appearance
گالی,gali
گوسٹ,ghost
جدو,jado
ٹانگوں,tango
کیا,kya
ڈھلی,dhali
امام,imam
جنهوں,jinho
ارین,aryan
وہی,wohi
فيرنٹير,furniture
ونلي,only
آب,ab
پرسونل,personal
نگاہیں,nigahein
سمیٹ,samait
اٹھے,uthe
گلیوں,galyon
کہی,kahi
ملنا,milna
کهانا,khana
سہیلی,sahilli
بھی,b
گرانڈ,grand
براڈکاسٹ,broadcast
نگاہ,nigah
الان,elan
کہا,kaha
غير,ghair
حوالے,hawale
سوتے,soty
توڑنے,torny
فيسال,faisal
هيں,hain
شانہ,shana
خیال,khayal
سکون,sukun
کامیاب,kaamyab
نٹ,nt
چوری,chori
تیل,tel
احسان,ehsan
بوکس,books4
فلور,floor
ملاتے,milatay
ہوش,hushe
دیکھنے,dekhny
ارضی,arzi
جون,jaaun
بوجھل,bojhal
غلام,gulam
کنارا,kinara
لاس,laso
خادم,khadim
پیا,pia
باز,baaz
فضا,fiza
لامپ,lamp
اتنا,itna
جھوٹے,jhote
الوايز,always
موٹر,motor
کشمیر,kashmir
برداشت,bardasht
سچح,such
جستجو,justaju
چاول,chawal
بورنگ,borng
آزاد,azad
حورسي,horse
ناک,naak
بھاگ,bhag
٤٢,42
حقیقت,haqeeqat
مروا,marwa
ادھ,adhi
انگور,angoor
رانی,rani
6,6
ڈففيرينٹ,different
بناتی,bnati
امیر,ameer
ڈیو,dew
عکس,aks
نادان,nadan
پیتے,peety
بازار,bazar
ڈیڈ,deadmen
چراغوں,charaghoon
داستان,dastan
صحیح,sahi
پیاسے,piyase
چڑھ,charh
پروفسثور,professor
گزاری,guzari
جمی,jmi
ڈيپ,deep
مارا,mara
تیر,teer
پک,pk
جنون,junoon
مبارک,mubarik
ناشتے,nashta
گزرنا,guzrna
دیا,dia
جنکی,jinki
کرتاتھا,krta
واجد,wajid
گمنام,gumnam
نا,na
فورا,fauran
غیر,ghair
درست,drust
قبرستان,qabristan
لاہوری,lahoriye
چاشنی,chashni
ہیںک,he
ناظم,nazim
لگو,lago
حوٹيل,hotel
الزام,ilzaam
دینی,deni
سرگوشیاں,sargoshiyanteri
قابل,qabil
کہاوت,kahawat
گزار,guzar
کاروبار,karobar
واں,wan
محفلوں,mehfilon
ہے,hai
گوبھی,gobhi
کاٹتے,kat'te
کؤ,ko
پروفائل,profile
زرا,zara
۹,9
کیہں,q
امان,eman
شورو,shuru
ڈرو,daro
سلامت,salamat
سمیع,sami
نیٹ,net
پروا,parwa
انھیں,unhain
پھول,phool
نظروں,nzaron
دہشت,dehshat
ناراضگی,narazgi
پھیپھڑوں,phephron
سارے,sare
پڑوسی,parosi
سبھی,sabhi
بيٹ,beat
استقبال,istiqbal
خیر,khair
واقع,waqi
بولتی,bolti
مارچ,march
کھائی,khe
کنو,know
وضو,wazu
کافي,kafee
یوں,yun
اختر,akhtar
اچانک,achank
ڈيتھ,death
جمہوریت,jamhuriyat
ميٹ,meet
سمپل,semple
آیت,aayat
آپکی,apki
مرغا,murgha
اسنے,usne
وا,wa
چیا,cheyia
امت,umat
سوغات,soghat
رج,rj
هیل,hell
غموں,ghamon
ڈوبتے,doobte
کو,ko
رکھ,rakh
آم,aam
ہاشمی,hashmi
سید,syd
بانٹ,bant
پہچانتا,pehchanta
دھول,dhool
يوار,your
رات,raat
نیند,neend
جانياري,january
ضروریات,zaroriat
تقاضوں,taqazoon
ذیشان,zeshan
پاتھ,path
شپ,shap
ميحامميڈ,muhammed
آتا,ata
رضا,raza
ھوں,hon
٦,6
ایسی,aisi
سینما,cinema
اصغر,asghar
انتہا,inteha
کہیں,kahin
منیب,munibe
دولت,dolat
رم,rm
گزرتی,guzarti
نایاب,nayab
بول,bol
رومی,romi
ستان,satana
رشک,rashk
چاہیے,chahiye
پاؤں,paon
احمر,ahmar
فرد,frd
دھوتے,dhote
فرہاد,farhad0786
پیسوں,paiso
پیچھے,peche
کاشف,kashif
خلیفہ,khalifa
حارس,haris
ثوبیہ,sobia
انتقال,inteqal
پڑا,para
اباد,aabad
شرمیلا,shrmila
بیچاری,bechari
منع,mana
وهاں,wahan
پے,pe
صاف,saaf
محدود,mehdood
سلمان,salman
اف,uff
احباب,ehbaab
رومو,rom0
زی,z
جيسٹ,just
تماشا,tamasha
زویہ,zoya
بیبی,bibi
لاگو,lagao
پنک,punkxx
مجید,majeed
ریو,riohfz
ہاے,hi
انلاوفيل,unlawful
گاز,gaze
جوانی,jawani
سوال,sawal
نکالی,nikali
راه,rah
لباس,libas
ڈريکٹ,direct
معصوم,masoom
اشيس,ashes
کہتا,kehta
کردیں,karden
انڈین,indians
نجومی,najumi
اپارٹ,apart
یہاں,yahan
انفڈيل,infidel
بیچینی,bechaini
ہنستا,hansta
دکھی,dakhi
لیا,lia
رھے,rahe
ميرا,mera
گھوڑ,ghor
شرط,shrt
اطلاع,itla
صفحوں,safhon
ہلاک,halak
متا,mata
آوں,aaon
چوس,choos
شامل,shamil
گے,gay
دوڑ,dor
اعتبار,aitbaar
ویت,sweetpari22
جاتی,jati
کترینا,katrina
سوچتا,sochta
لایف,life
ستاتی,stati
موتھ,mother
ہائے,hi
حيللو,hello
جاونگا,jaaongajo
ہارا,haara
احسن,ahsan
پوری,puri
بتاتا,btata
حرف,hurf
مسافر,musafir
دنو,dino
لکھتا,likhta
جھک,jhuk
سند,send
لازم,lazim
کھایا,khaya
گولی,goli
بازی,bazi
نی,nai
ٹھہرا,thehra
ڈو,do
بھوت,bhot
مکان,makan
ساس,saas
هوپ,hope
جعفری,jafri
جویریہ,jaweria
مومی,momigulzindagi
رسوا,ruswa
دنوں,dino
کروانا,krwana
رکا,ruka
خریدار,kharidaar
ضعیف,zaeef
مقابلے,muqably
اثر,asar
انجواے,enjoy
تبھی,tabhi
بوند,boond
جیسوں,jaiso
گستاخ,gustaakh
وش,wish
سوہنی,sohni
پان,pan
نيچے,nechay
نشین,nasheen
مارو,maro
گلا,gila
بيسٹ,best
زمین,zameen
پهلا,phela
نيا,naya
میرے,mere
جور,jor
دینے,dene
داد,daad
شفیق,shafiqahmad
کنگ,king
شاخوں,shakhoon
نشاں,nshan
زات,zaat
جوان,jawan
تباہ,tabah
لپٹی,lipti
موجوں,mauj0on
ضروری,zaroori
تعمير,tameer
ددے,dude
کہوں,kahon
سکي,sky
چين,hychain
ياحيا,yahya
تجارت,tijarat
اشاميڈ,ashamed
٨,8
مونيي,money
اجاڑ,ujar
سٹون,ston
بهے,b
اجڑے,ujre
نوسي,noise
بچوں,bachon
دیاہے,dia
درد,dard
سف,sfjan2
سہتا,sehta
سنا,suna
کیے,ky
کونٹراري,contrary
چیرمین,chairman
لاؤ,lao
يمار,umar
نہانے,nahi
دار,der
دوسرے,dosry
گفتگو,guftugo
ظہبی,zahbi
ابی,abi
ماد,maad
اجر,ajar
صورتحال,soratehal
سالے,saly
بتاتی,btati
کريں,kren
دیتے,dete
پہلے,pehle
تھوڑا,thora
برے,burey
شاید,shayad
بلوک,block11
لینی,leni
ت,t
افواہ,afwa
مے,me
سلو,slow
آجاؤ,ajao
تہارے,tahare
بولوں,bolo
٠,0
حافظ,hafiz
يس,us
بندے,bande
ظلم,zulm
تعریفیں,tarefen
پہچانتے,pehchantay
نزدیک,nazdeek
بلوچ,baloch
وقار,waqar
بیگم,begum
مٹا,mita
شازیہ,shazia
فقیروں,faqiron
موقع,moqa
مانتا,manta
بجے,bje
اصل,asal
ٹورس,tauras
ارشاد,arshad
ٹھکراتے,thukrate
بہروز,behroz
ہوگی,hogi
پڑنا,prna
سيد,syed
مچھ,much
بويفرينڈ,boyfriend
سو,so
مفہوم,mafhoom
بریک,breakup
گود,godh
هي,hykabi
ٹارگٹ,target
کراذي,crazy
فول,fool
خبری,khabrii
سنانا,sunana
آہو,aaho
محتاج,mohtaj
اللہ,allah
دور,door
حير,hear
انٹريسٹ,interest
ریفرنس,refrence
عبدل,abdul
کروائی,krwai
شکوے,shikway
ترمیم,tarmeem
١٨,18
جگنو,jugno
نسلیں,naslain
آسا,aasan
جکا,juka
میری,meri
فیملی,femly
سنہری,sunehri
اتا,ata
مہراب,mehrabpur
چوما,chuma
اچھا,acha
واپس,wapis
ہونی,honey
الٹا,ulta
لالہ,lala
بسانا,basana
زین,zain
هیر,here
سپیڈ,speed
کبوتر,kabotar
لیتا,leta
5,5
انشاء,insha
پھیلانا,phelana
مو,mobile
رحم,rahm
آسیب,aasaib
انٹرسٹد,interested
باتيں,baatein
کن,kn
فقروں,faqiron
گھس,ghus
وہاں,wahan
غافل,ghafil
کراؤ,karao
کہتی,kahti
لالی,lali
سوگ,sog
ٹھیک,thek
حیدرآباد,hyd
نوس,news
ٹييسڈے,tuesday
انڈا,anda
الونرائیڈر,alone
پانی,pani
آنس,ans
قوین,queen
کھلی,kholi
تھرسٹ,thirst
لوڈ,load
پہنانا,pehnana
نوٹ,not
مشتاق,mushtaq
تصوير,tasweer
رنگوں,rangon
عبدللہ,abdullah
پنج,panjtani
انسان,insan
برف,barf
الجھنوں,uljhano
تسلیم,tasleem
فصیح,faseeh
بخشی,bakhshi
وبٹين,obtain
بتاوں,btaon
بیچنے,bechny
فونز,funz
کي,keke
فون,ufone
غرور,ghuroor
ہستیاں,hastiyan
تیار,tayar
ہارنے,harnay
تمھارے,tmhary
ملتان,multan
کھلتے,khiltay
کھو,kho
بنتا,banta
جیسا,jaisa
حواس,hawas
سونگ,song
فرمان,farman
هاے,hi
ارض,arz
گول,gol
طبعیت,tbiyt
اسکو,usko
بہاروں,bahaaron
باربی,barbie
دوٹ,idot
دوسرا,doosra
قصور,kasor
ڈھونڈا,dhoonda
ہیٹ,het
آٹا,atawo
دکھانے,dikhane
ماضی,maazi
چوڑیاں,chore
چانس,chance
رکھنا,rakhna
ٹين,ten
عیدین,aridian
ورٹھ,worthless
تم,tm
کھلتا,khilta
راذا,raza
انداز,andaz
سمرتی,smarty
لمبی,lambi
رضوان,rizwan
لگی,lagi
نینی,niny
پشتون,pashtoonpa
سایہ,saya
اکسيپٹانس,acceptance
بريسٹ,breast
خوبی,khoobi
گاؤں,gaoon
لگاؤ,lagao
دے,de
مسالے,msaly
مزاق,mazak
بهای,bhai
گي,ge
حیرت,hyrat
وادے,wade
ادھار,udhar
بکھری,bikhri
میٹرو,mitro
کبھی,kabhi
جوتے,jotey
گاڑی,gari
روشنی,roshni
يسياللي,usually
بارش,barish
کوکو,koko
ٹشرٹ,t-shirt
شاباش,shabash
پیاری,pyari
رومانٹک,romantic
پحيسکال,physical
حانڈ,hand
کردو,krdo
شیشے,sheeshay
سيراوس,serious
اد,add
اللاہ,allah
التجا,iltija
پينسل,pencil
سیس,sis
الفاظ,alfaz
تمی,time
ٹھہر,thehre
ڈیٹیل,details
پروانہ,prwana
ماس,mass
نبھا,nibha
خشبو,khushbo
دلاسا,dilasa
سیل,cel
جھوٹ,jhoot
کویٹا,quetta
دماغ,dmagh
چھور,chhor
مخلص,mukhlis
سوے,soe
ٹایم,time
دگنا,dugna
جانتا,janta
حسین,hussain
هوی,hui
سرخ,surkh
انگلش,english
یقین,yaqeen
س,s
پرت,prat
سوپر,super
تھکا,thaka
گلاس,glass
اتار,utar
انہوں,unhon
ساتھ,sath
زمبابوے,zimb
جاری,jari
زرد,zard
ضرور,zarur
صوبے,sube
ابانڈانس,abundance
است,asit
ڈانس,dance
دھماکہ,dhamakha
لکھوں,likhun
پاشا,pasha
خدا,khuda
آدم,adam
بٹھورو,bathoro
نشے,nashe
ترت,trat
قسمیں,qasmein
دیدار,didaar
پویٹری,poetry
نامہ,nama
اطاعت,itaa'at
لاگ,lag
علمی,almi
ستایا,sataya
آف,of
شعبان,shabnam
طوفان,tufaan
نوکر,naukar
شور,shor
ٹهندر,thunder
مافیا,mafia
ڈريس,dress
کچ,kuch
ڈھلتی,dhalti
لگیں,lagain
خاموش,khamosh
انهیں,inhain
بیان,bayan
وني,one
جامی,jami
کوک,quick
چل,chal
سامسنگ,samsung
قادری,qaadri
طالبان,taliban
کنڈی,kundi
ريسي,raise
اشک,ashk
کاٹو,kato
پڑی,pari
معني,manee
گالیاں,galian
ج,jaan
طرفدار,tarafdar
واقعی,waqai
سکی,saki
پروبليم,problem
فوار,four
حوصلے,hosly
سکے,sake
بسر,basr
اذان,azaan
جینے,jeene
کوم,com
کھلا,khila
سویٹ,sweet
اکثر,aksar
زارا,zara
پانے,pane
پھینکتے,phenkte
چوپال,chopaal
ٹوينٹي,twenty
بجا,bja
غاصب,ghasib
اٹ,it
زون,czone
دوا,dua
تلاوت,talawt
نیہ,ne
ليگل,legal
سات,saat
ساڈ,sad
ورلڈ,world
سمجھتی,samajhti
آڑ,aar
بھرا,bhara
مرنا,mrna
سٹوڈنٹس,students
روف,roof
میم,mem
اپرل,april
هیں,hain
بکھرا,bikhra
پیام,peyam
کنڈنيس,kindness
یهاں,yaha
والو,walo
ھی,hi
سندھی,sindhi
آنکھیں,ankhain
بهر,bhar
روٹي,roti
بدنام,badnam
حيلپ,help
ييللو,yellow
انہیں,unhen
میٹنگ,meetingpoint
مک,mk
سگن,sign
يکيال,equal
طوطے,totay
دونو,dono
نگاہوں,nigahon
ٹرک,truck
مان,maan
ریکویسٹ,request
اماذنگ,amazing
نيپال,nepal
ٹوموررو,tomorrow
جو,jo
فورم,form
پنڈی,pendi
احترام,ehataram
اکرام,ikram
لایوو,live
جاگتا,jagta
18,18
آسمان,asman
ہورہا,horaha
زویا,zoya
کیسا,kesa
ہادی,hadi
جھل,jhal
کھانا,khana
بور,bor
لوٹ,lot
حيرٹ,heart
بدولت,badulatwarna
پہچان,pehchaan
اتر,utar
پڑھ,parh
نصیب,naseeb
شیٹ,sheet
سٹانڈارڈ,standard
ہماری,hamari
اچار,achar
مسٹری,mystery
هوتی,hoti
اپکا,apka
کار,car
ڈرنک,drink
٣٠,30
جلیں,jalen
شاہ,shah
بانڈ,bandh
امر,umar
گيارانٹر,guarantor
راتیں,raatain
بھرپور,bahrpoor
رکھی,rakhi
پلکیں,palkain
ریاض,riazs
روتھ,roth
موجودہ,mojooda
کرا,kara
انار,anarkali
ساٹھ,saath
ريٹيرن,return
ظرف,zarfk
بولے,bolay
اوج,arooj
ماضي,mazee
سایا,sayanafrat
ولی,waliullah
توقیر,toqeer
ميحامماڈ,muhammad
بلوا,bulwaon
خلوت,khalwat
چند,chand
لالے,laale
بہی,b
سپنا,sapna
اطمینان,itminan
جاؤ,jao
شب,shab
اررے,array
نیک,nick
کمالیہ,kamalia
رینی,rainy
جھولے,jhooly
شیوا,shewa
انس,ans
ديکھ,dekh
ثبوت,sabot
لاریب,lareb63
کوٹا,quota
حسان,husan
خان,khan
چلتے,chalte
ضبط,zabt
هوا,hua
شکیل,shakil
دخل,dakhl
اپنا,apna
آییں,aain
سینا,cenashahzadi
آپ,ap
جلد,jaldi
تيسرا,teesra
وبا,oba
انسٹانٹ,instant
راز,raz
ہنسی,hansi
ڈارلنگ,darling
رکھتا,rakhta
اینا,aeyna1
ہرا,hera
ڈھل,dhal
جھکا,jhuka
آو,ao
احمد,ahmed
نانا,nana
انصاف,insaf
سانول,sanwal
خوشبو,khushbo
دروازا,darwaza
نشتر,nishter
جانب,janib'e'manzil
مغز,maghz
آے,ae
اسلامیان,islamianstars
اکبر,akbar
کاٹوں,kanto
مورننگ,morning
کھولے,chole
نيڈ,need
دھماکا,dhamaka
٢٤,24
همنشیں,hm
اندازہ,andaza
رين,rain
لا,la
پاوں,pao
ڈالا,dala
خالی,khali
بندگی,bandgi
بندوں,bndon
حوار,hour
وعلیکم,w
آسان,aasan
بہل,behl
ايگيسٹ,august
پکا,paka
ڈيسيمبير,december
آؤ,ao
میٹھا,metha
قرآن,quran
مزدوری,mazduri
کھویا,khoya
شی,shi
الجھ,ulajh
هنی,honey
نومن,noman
سستی,sasti
دانیال,danial
کھلونا,khilona
اسامہ,usama
انکا,unka
کيلڈ,could
کام,kam
ڈاریکٹ,direct
مانگ,maang
افق,ufaq
گناہ,gunah
الٹی,ulti
نے,ne
شم,sham
لانچ,lanch
میرٹ,meri
جنکو,jinko
دانی,dani
فراق,firaq1
ہمیشہ,hamesha
زلفیں,zulfain
پاو,pao
اسپيکٹ,aspect
شرجیل,sharjel
کروڈ,crowd
کروگے,kro
جانباز,janbaz32
دیکھتا,dekhta
سویا,soya
پھیر,pher
نمازوں,nimazo
دوں,doon
واسطے,wastay
دود,dod
راؤ,rao
فیری,fairy
پؤیٹری,poetry
ترمزی,tirmizi
کھلاتے,khilate
وفٹين,often
بچا,bacha
لوسي,loose
ملا,mila
یارو,yaro
سبحان,subhan
فروم,from
کے,k
سٹوڈنٹ,student
معروف,masroof
ٹارزن,tarzan
هوبی,hobby
اتاری,attari
لمحے,lamhe
کریٹ,create
کانا,kana
جوتیوں,jotioon
بابو,babu
بھیڑ,bheer
٥,5
بوي,boy
زوہیب,zuhaib
شان,shan
کمی,kami
سمایل,smile
آپکا,apka
واسی,wasi
سلیمان,sulaiman
خاک,khak
جیتے,jeete
لگان,lga
مناسب,munasib
سندھو,sindhu
ہتھیلی,hatheli
ڈالو,dalo
ہوگا,hoga
کتنی,kitni
داغ,dagh
انجوائے,enjoy
سیتا,seet
ڈیپارٹمنٹ,department
بتلا,batla
رواج,rawaj
پالتو,paltu
ثاقب,saqib
دلا,dila
رچ,rechilli
ڈوبی,dubi
کمل,kml3
روانی,rawani
اپنوں,apno
ہمارا,hamara
وابستگی,wabastgi
رکهتا,rakhta
کچہ,kuch
پاؤ,paaon
ڈیپ,deepfriends
ٹيپي,type
وک,ok
هون,hon
کھول,khol
لگتے,lagte
بناتا,banata
فیل,fail
پیٹ,pait
آمنہ,amna
جھانک,jhank
ریسٹ,rest
فاین,fine
میر,meri
اسی,usi
تاریکی,tareeki
تعلق,taluq
نفس,nafs
کہاں,kahan
امی,ami
کسنے,kisne
کرب,krb
تولل,toll
انفرادی,infaradi
روش,rosh
عقیل,aqeel
جھگڑا,jahgra
پيرپوسي,purpose
واک,awake
اتے,ate
چلتا,chulta
کشمش,kishmish
فدا,fida
چاہت,chahat
سوگوار,sogawar
دیکھیں,deikhen
انشاللہ,insha
امِ,um
لیں,len
بادشاہ,badshah
ناچ,naach
موسم,mosam
اے,e
مرحبا,marhaba
چلو,chalo
انوکھا,anokha
سکول,school
وحید,waheed
جان,jan
دوران,doraan
بی,b
برتھڈے,birthday
بدلی,badli
ہجر,hijr
سچے,suche
ڈیر,dear
ہرو,hru
کيوں,keyo
وارد,warid
وے,way
بولبو,bolo
بڑا,bara
سمس,sms
ماموں,mamu
ميمٹاذ,mumtaz
شرلی,shurli
لاسٹ,last
اشارے,isharay
بھیجوں,bhejoon
٣١,31
حيرو,hero
ورڈير,order
یخ,yakh
دنگ,dangr
سویاں,soyen
پہلا,pehla
سهارا,sahara
ڈاکو,daku
کرل,kral
گناہوں,gunahon
رقیسٹ,request
مسلمانوں,musalmano
کاج,kaj
تھک,thak
مما,mama
لفي,life
ھمیں,hamain
اسلامی,islami
دکھو,dekho
امین,ameendil007
ملاح,malahhhhhh
اند,and
جیا,jia
فير,fear
تمیز,tmez
بھن,behn
عرصہ,arsa
سیدھا,seeda
ہاتھی,hathi
کامیابی,kamyabi
شیدائی,shedai
کھلونوں,khilonon
جھگڑے,jhagre
گیا,gya
ا,a
فریاد,faryad
تا,ta
دست,dost
لکین,lekin
راہی,rahi
جہاد,jahad
مومن,momin
بنگلہ,bngla
مارکيٹ,market
ھوتی,hoti
خاص,khas
یت,it
ساگر,sagar
گلوم,gloom
عطا,atta
کرٹ,karta
مارنا,marna
تھو,tho
بلوم,bloom
جانا,jana
جلتے,jalte
چورا,chura
بگاڑا,bagara
کھاتا,khata
بم,bm
کھونا,khona
منصوبه,mansooba
لحاظ,lehaz
پليسير,pleasure
چوٹی,choti
رویا,roya
پلا,pila
تولیہ,tolia
عشاء,ishaa
ڈالے,dalay
انجونے,enjoy
ارگيمنٹ,argument
راہیں,rahen
سنو,suno
سردی,sardi
قرب,qurb
زمیں,zmen
بوڑھا,boorrha
انحابٹڈ,inhabited
وارک,warkatal
ملتی,milti
گناہگار,gunahgar
آرام,aram
گندی,gandi
گھڑی,ghari
بغداد,baghdad
سٹوني,stone
سکھانا,sikhana
نامعلوم,namalom
تپیش,tapish
کوکلي,quickly
الطاف,altaf
موڑ,morr
سورری,sorry
زلفوں,zulfon
همیں,hme
اٹھانے,uthane
گ,g
نکالو,nikalo
عدالت,adalat
موٹی,moti
آسک,ask
گردن,grdin
ڈمپ,dump
جسموں,jismoon
رونے,ronay
جاگتے,jagte
فاحم,fahim
خد,khud
شکایات,shikayat
آنسو,aansu
ہیلپ,help
تقدیریں,taqdeerain
فرحاں,farhan
تتلیاں,titliyan
بوريڈ,bored
سکنا,sakna
خدیجہ,khadija
حامد,hamid
ہونے,hone
کافروں,kafro
ميشارراف,musharraf
سکھ,sekh
دید,deed
ھوٹ,hot
زیب,zaib143
پیاروں,pyaron
مکھن,makhn
حنا,hina
ریلی,rely
نکلی,nikli
صورت,surat
پاکستان,pakistan
لیجا,leja
انقلاب,inqalaab
ينڈ,end
چور,choor
انمول,anmol
حضور,hazoor
ڈھال,dhal
بہترین,behtaren
بکھرنے,bikhrne
تنولی,tanoli
سمجھا,samjha
پانا,pana
بہو,baho
فوزیہ,fozia
غلطی,galti
جدوں,jadon
زیدی,zaidi
کتاب,kitab
سمیرا,sumaira
تعداد,tadad
پاسا,pasa
بلانک,blank
فاکي,fake
زندگی,zindagi
سينا,seena
انت,ent
روکے,roky
برا,bura
جاگے,jagaey
فتوحات,fatohat
رپلی,reply
کاری,karti
ہار,har
ها,ha
ہستی,hasti
فیصلے,fesle
شکایت,shikayat
باپ,baap
فرانک,frank
بدلا,badla
طوطی,toti
گنا,guna
جروا,jurwa
مانگتے,mangtay
بکی,bki
شعیب,shoaib
آوے,away
دھل,dhal
آگ,aag
خلق,khulq
رقیب,raqeeb
مونگ,mong
١٧٠٠,1700
لعنتی,lanti
کفر,kufr
فراز,faraz
ناخن,nakhun
پرندوں,parindon
تنو,teno
جنگل,jungle
پنو,pnuawan2310
چکر,chakr
مرغی,murghi
چیتا,cheeta
پیرو,piaro
اپریل,april
مجاہد,mujahid
دیجیئے,dijia
فيبرياري,february
ليس,less
چيز,chez
گولڈن,goldn
جیس,jese
ابرار,ibrar
نخرے,nakhre
مرے,mre
بھیجیں,bhaijan
دلال,dalal
وارث,waris
ملنے,milne
پیارے,pyare
بلوڈ,blood
بالڈ,bald
چورنگی,chorangi
ينيمي,enemy
باتیں,baten
جھیل,jheel
فوت,footpath
کوڑے,korray
ک,k
مسافت,musafat
پیچے,pechy
سلينس,silence
ثواب,swab
بھلایا,bhulaya
چیر,cheer
ڈریم,dream
ارٹ,art
مواقع,mawaqay
نمب,numb
حاررس,harris
احتجاج,ehtjaj
نہا,naha
لاش,lash
حوکيي,hockey
لابی,labi
فرما,farma
فری,free
گدھا,gadha
اک,ik
بيٹھ,baith
آتی,ati
پڑھتی,parhti
ساتھی,sathi
سلگتے,sulagte
جنہوں,jinho
بھیجتی,bheje
کیسے,kese
سونی,soni
ظرور,zaror
تربیت,trbiat
فوٹ,foot
فنک,funkar
کرتے,karte
سجدوں,sajdon
لگا,laga
کوا,kawa
آزمانے,aazmane
ہوٹل,hotel
ہیرے,heere
مایا,maya
بیوی,biwi
سوک,sok
قاسی,qasi
خیریت,kheriyat
بڑوں,baron
پاکی,paki
انکی,unki
گپتا,gupta
ہوگیا,hogya
وام,wam
پیروں,pairon
والی,wali
ساقی,saqi
مرتا,marte
فانی,fani
کرک,circket
زمانے,zamane
پھرتے,phirtay
آباؤ,abao
پینے,peeney
ثابت,sabit
سعودی,saudi
اسکی,uski
تاکے,take
زما,zama
پتا,pata
لات,lath
درس,darse
دیوار,diwar
مسکین,maskean
رہتی,rehti
طریقوں,tariko
حوصلوں,hosloon
بھا,bha
زبیدہ,zubaida
شرت,shart
سفیان,sufyan
نور,noor
اپیل,appiel
سٹی,city
بجھی,bujhi
یادِ,yaad
بیل,bell
حبس,habs
لامب,lamb
کونسا,konsa
گیسٹ,guest
موبایل,mobile
آن,on
ففٹي,fifty
سيپٹيمبير,september
شیا,shea
علینہ,alina
ڈیڈی,dydy
کوفی,cofi
پھر,phir
پرانی,purani
منڈا,mundaø
ڈنگر,dngr
ٹھکانہ,thikana
احتساب,ahtisab
لڑے,laray
بہ,b
پیچھا,peecha
خالد,khalid
ليرن,learn
ڈوڈ,dod
رکھتے,rakhtay
جاگو,jagoo
مصروفیت,masroofiyat
صبا,saba
لگایا,lagaya
لفٹ,lift
بچ,bach
بييٹفيل,beautiful
پکڑو,pakro
ديتا,deta
کرنير,corner
پاکستانیوں,pakistanio
منا,mana
پلاسٹک,plastic
پروں,paron
خود,khud
پوچھو,pocho
لوٹا,lauta
ٹوٹکا,totka
سنده,sindh
زیادہ,ziada
امامت,imamat
صدا,sada
کیوں,q
مین,main
کونٹینو,continue
پتھروں,pathron
کرونگا,karo
ہول,whole
سمجھے,smjhe
پرنسس,princes
لڑنا,lrna
زونگ,zong
عین,ain
رہوگے,rhoge
بھلا,bhula
ملاتا,milata
توڑ,tor
چوم,choom
آزماتے,aazmaty
وربٹ,orbit
چابی,chbi
بابي,baby
گی,gi
الون,alone
جانو,jano
اڈمرل,admiral
بارشوں,barishon
آءے,aye
آغوش,aghosh
گزارا,guzara
لفی,life
لگتا,lagta
ریپلائ,reply
جواب,jawab
مہنگا,mehnga
ھوتے,hote
بھیج,bhej
گزارنا,guzaarna
جگانے,jaganay
دراصل,darasal
تها,tha
لوٹس,lots
ماسی,masi
ملتا,milta
احميڈ,ahmed
گلے,galay
دونے,donay
معذرت,mazrat
بہروں,behron
بیٹھا,betha
سمجھی,smjhi
ہٹنے,hatne
بالٹی,balti
مسکرانے,muskrany
ہ,ha
بغیر,bagair
مارٹ,smartpoetry
پیدا,peda
هوٹ,hot
روک,rok
شرکت,sharkit
کھینچی,khainchta
مقصود,maqsood
ناسمجھ,na
رخ,rukh
تاج,taaj
خیرات,khaerat
ما,ma
ينٹر,enter
خوش,khush
مجھے,mujhe
نبھانے,nibhane
گزری,guzrifaraz
امیدیں,umeedein
یادوں,yadon
کرنے,krne
رکے,rukay
بچنا,bachna
بھیگی,bheegi
سرے,sare
بچیاں,bachiyan
ارٹفکال,artificial
کھانے,khane
کھلونے,khilonay
افسردہ,afsorda
مار,mar
باتوں,baton
انگریز,engrz
پڑھا,parha
آلو,aaloo
ببلو,babloo
نہایت,nehayet
فاحاڈ,fahad
خر,khr
کافی,kafi
گرا,gira
ہاللو,hello
درود,darood
ناسور,nasoorjazb
افسوس,afsos
ور,or
کھيل,khel
دی,di
رور,ror
کامران,kamran
ہیر,here
جسے,jisay
آغا,agha
لاج,laj
سوری,sory
گرنے,girne
شہزادہ,shahzada
جھوم,jhom
ذونگ,zong
جذباتی,jazbati
لکھ,likh
حے,hai
پويم,poem
اونی,aouni
دھیرے,dheere
غریبوں,gharibon
قیام,kiam
آریان,areyan
جاے,jaye
تھی,thi
گهڑ,ghar
بريڈ,bread
شٹ,shut
عرض,arz
اندھر,andr
کشتی,kashti
زہرا,zahra
تمہیں,tumhe
ایسے,aisay
جوک,joke
تھوڑ,thori
سٹرونگ,strong
شاہی,shahi
ویلکیم,welcome
حالت,halat
سوچنے,sochne
اسسينسون,ascension
آزما,aazma
حکومت,hkomt
سوچتی,sochti
ویٹ,wait
تھنکس,thanks
شرک,shrk
وں,un
شک,shak
سٹي,city
ٹو,to
ہونٹ,hont
گرد,grd
ٹپس,tips
کلمات,kalmat
کیں,q
رونا,rona
فلمیں,flmn
جوس,juice
تکلیف,takleef
ليں,lain
بولنا,bolna
بکنے,biknay
نکوٹین,nicotinesms
پہلی,pehli
والد,walid
خبروں,khabron
رنگ,rang
ومار,omar
فريڈوم,freedom
اجنبی,ajnabi
کرواتا,karwata
سیریس,seri0us
تبدیلیاں,tabdeeliyan
عزت,izat
حوا,hawa
رکھا,rakha
مستونگ,mastung
گنورانٹ,ignorant
کلاس,clas
پروپيرٹي,property
دبی,dubai
آنٹ,aunt
باسي,base
هی,hi
سیرت,seerat
ادو,idot
ہوتے,hote
کباب,kabab's
گرفتار,griftar
دانس,dance
چلاؤں,chlaon
دستور,dstoor
مینا,mena£=siom£
دیش,desh
فورڈ,frwrd
راچ,rich
بٹھاو,bithao
یومی,yummi
بریکر,breaker
شوي,shoe
پھٹ,phat
قاد,qadir
افتخار,iftakhar
جنناح,jinnah
جما,jama
محال,mohal
سليپ,sleep
بنگو,bingoo
ٹورنامنٹ,tournament
مانو,mano
رنگین,rngin
بنگالی,bangali
روپے,rupy
راستہ,rasta
هوں,hun
دوستی,dosti
ہیلو,hello
مہا,maha
مجبورا,majburam
انڈير,under
ساته,sath
ریپلائی,reply
کہنا,kehna
آسمانی,aasmani
پناہ,panah
ہنسنا,hansna
خط,khat
تيز,tez
فات,fat
روہی,rohi
بوریت,boryat
ندا,nida
سوچنا,sochna
مکھی,makhi
کاظمی,kazmi
مزا,maza
احساسات,ihsasat
وٹس,wts
بڑھ,barh
حاجی,haji
موٹو,motu
اککور,acquire
حيڈ,head
پيريلي,purely
ریڈ,reed
جانور,janwar
وارسا,warsa
تھے,thay
ہیڈ,head
ہونٹوں,honton
چکے,chuke
سگے,sege
اسدولاه,asadullah
کربلا,karbala
شفقت,shafqat
آل,all
ہوجاتا,hojata
اداسی,udasi
جام,jaam
فیضان,faizan
11,11
انصاری,ansariboys
انجو,anjo
لونگا,lungagirl
دربان,darbanaisey
بانو,baano
واہ,wah
مغفرت,maghfrat
اپنانے,apnanay
چرچا,charcha
احساس,ehsas
افغان,afghan
ناپ,nap
بھأي,bhai
انک,ink
محرومی,mehroomi
تھوڑے,thore
وسیم,wasim
لفظ,lafz
جلانے,jalanay
عراقی,iraaqi
مشکل,mushkil
سام,sam
دیکها,deka
کاشان,okkashan
صارف,user
بلکه,blky
ترازو,tarazo
بکھرے,bikhre
کسا,coca
کاہے,kahey
وچ,kuch
ہاۓ,hi
سجا,saja
افضل,afzal
انڈيرنيتھ,underneath
رابطہ,rabta
دکھ,dukh
موحامماڈ,mohammad
قریشی,qureshi
اسکول,iskool
موڈ,mood
ميری,meri
زبان,zuban
ذلیل,zaleel
ھنی,honey
بند,band
رازی,razi4u
نایس,nice
فلم,film
ماری,marikese
کوڈ,code
سختی,sakhti
نال,nal
بھائی,bhai
تکتے,tktey
ریپلاۓ,reply
جیسے,jese
بای,bi
سچا,sacha
کانچ,kaanch
۵,5
قاتل,qatil
زوق,zowq
سنگا,snga
اسلام,assalam
سما,samaa
آنگن,angan
فضیل,fuzail
آمر,aamir
ریل,real
کول,cool
سٹوري,story
روٹی,roti
ليتے,laitay
گفٹ,gift
کی,ki
روز,roz
تؤ,to
چاہا,chaha
دوسری,dosri
رہا,raha
ذرا,zra
لانا,lana
کیتا,keeta
راستے,rastay
گجرانوالہ,gujranwala
2,2
فريش,fresh
گھنٹے,ghante
جانتی,janti
رومان,romaan
ستارے,sitare
شہزاد,shahzad
بنای,bnai
پیروی,pairwi
سجایا,sajaya
پروگرامر,programmer
چیزیں,cheezen
موحامميڈ,mohammed
ٹاگ,tag
پیسے,paise
آوازیں,awazen
پاک,pak
آفر,ofer
چڑھاؤ,charhao
آرمی,army
اپپيل,appeal
کرواؤں,krwao
چاۓ,chay
معصومیت,masoomiyat
بڑھا,barha
لے,le
ہمیش,hamesha
دوری,doori
دشمن,dushman
چین,chain
ابتو,ab
ھو,ho
تعرف,taraf
ای,i
چاہی,chahye
سمجھدار,smjhdar
پيرسون,person
عقل,aqal
بتاؤ,btao
ہوجا,hoja
اسس,is
مغرب,mghrb
٢٠٠,200
زیر,zer
خوب,khoob
ہمارے,hamare
واٹس,whats
ہوشی,khoshi
سرمایا,sarmaya'e
اچھی,achi
شيٹ,shet
چاٹ,chat
امید,umeed
لوند,londy
جنوں,junoon
برستی,barasti
افراد,afrad
رخی,rukhi
منی,mani
الگ,alag
فضیلت,fazeelat
اکڑ,iccr
پلانيٹ,planet
تھا,tha
روکیں,rokyn
خودکشی,khudkushi
پلايير,player
فش,fish
بستا,basta
یعنی,yani
بھوک,bhok
عراق,iraq
رفتار,raftaar
اندھیروں,andheron
پڑو,prho
پورے,pore
ٹرسٹ,trust
حقیر,haqeer
تارا,taraadub
ہمیں,humain
سراج,siraj
شیرو,sherwani
آرہا,araha
چکی,chuki
سینٹینس,sentence
سنگھ,singh
دہاڑے,dihaaray
جرا,jera
لٹا,lutai
اداکار,adakaar
پینٹ,paint
طبیعت,tabiyat
تیری,teri
سجدے,sajday
سیٹ,set
اپس,apas
اشاره,ishaara
مری,meri
نیے,naye
باس,bas
آنسر,ans
ارسلان,arsalan
شرافت,shrafat
بنتی,banti
بھرتا,bharta
الکوحلٹارزن,alcohol
ميں,main
لینے,lene
ماڈ,mad
جمعہ,juma
آداب,aadaab
افٹر,after
کویل,koyal
خاندان,khandan
جوڑ,jork
پنجرے,pinjray
بٹھانا,bithana3
شہادت,shahadat
شکور,shakoor
رسمی,rasmi
کين,keen
تیرے,tere
رحمان,rehman
ہوتا,hota
زینب,zainab
ارباز,arbaz20
پیتا,kpeeta
تجھے,tujhe
حاضر,hazir
حیدر,hydrabad
قندیل,qandeel
الحمد,alhamdolillah
منانے,manane
انگلیوں,ungliyon
اکر,iccr
٢٠,20
رہنا,rehna
بادام,badaam
گلیاں,galia
پروگراممير,programmer
وانٹ,want
هاف,half
تھیں,thin
بيرن,burn
اقبال,iqbal
ڈور,door
باته,bathroom
بروڈر,bro
لڑکیوں,lrkion
بخیر,bakhair
سرداروں,sardaron
گيل,gul
لوگوں,logon
لکي,like
بناؤ,bnao
گوٹ,got
سوں,sona
عذاب,azab
ارشد,arshad
مي,my
دین,deen
مزار,mazar
پھاڑ,phar
چاہنے,chahne
ٹوو,two
٢,2
حور,hoor
غریب,ghareeb
بدلے,badlay
عوام,awam
رحمانہ,rehmana
ابو,abu
تنوع,tenu
آسی,aasi
قبریں,qbren
سمت,simt
بولو,bolo
سٹڈی,stdy
لکھنا,likhna
بدلتی,badalti
پڑھنا,parhna
ڈوب,doob
خطرناک,khatarnak
گريٹ,great
سمجھ,smj
توہین,toheen
٣,3
طالبعلم,talabilm
شق,shuk
۱۱,11pmparya
دبا,dba
ہوں,hun
آفریدی,afridi
بسیں,basen
کارڈ,card
علینا,alina
سچی,sachi
جیسی,jesi
امریکہ,america
نیلی,neeli302
نواب,nawab
چپ,chup
هیلپ,help
دشت,dasht
کیونکہ,q
گردی,gardi
سدا,sada
دفا,dafa
گلو,glow
آؤں,aao
کردی,krdi
لڑکیاں,larkian
دشمنی,dushmane
ولڈ,old
جوب,job
سینڈ,send
فلاگ,flag
٢٥٠,250
چوٹ,chot
ناصر,nasir
پریت,preet
دھوکا,dhoka
تول,tol
ميز,maiz
ھوتا,hota
پحلوسوپحير,philosopher
شیاء,shia
نڈھال,nidhal
ييي,eye
گووڈ,good
جونی,jouni
زرداری,zardari
کشمکش,kashmakash
الکوہو,alcohol
ہیں,hain
جسٹ,just
لادن,laden
مخاطب,mukhatib
کرکے,karke
روڈ,road
خلا,khula
علاوہ,ilawa
لوگ,log
خوف,khof
جگایا,jagaya
بار,bar
مانی,mani
درجے,darje
کامياب,kamyaab
جلیل,jalil10
اجالے,ujaly
کھانسی,khaansi
گھر,ghar
لڑی,lari
میمبر,membr
کہتے,kehte
مٹتے,mittay
پڑتا,parta
سنان,sunan
امیدوں,umeedon
سوا,siwa
چیتے,cheetiye
سپرد,spurd
دوست,dost
ہاہاہا,hahaha
کیسی,kesi
مہاجر,mahajir
قیمت,kimat
تیسری,kotesri
ماجد,majid
فوللو,follow
کمان,kaman
منسوب,mansoobtum
جانِ,jan
حسیب,haseeb
مٹھاس,mithasjab
سیلاب,selab
کھیلتا,kheilta
واسطہ,wasta
بلوچی,balochi
عجب,ajab
چلی,chali
ہلچل,halchal
١٥,15
جیتا,jeeta
پختو,pukhto
ادھورا,adhoraø¤!œ£ent
ڈیلی,daily
خواہش,khwahish
دادا,dada
کون,kon
نمی,nami
ڈوینگ,doing
ماہیا,mahiyarab
ثنا,sana
موج,moj
بنایا,bnaya
حیات,hyat
تجھ,tujh
لیموں,limu
اسلامیک,islamic
ٹرپ,trip
خاموشی,khamoshi
دہی,dehe
موبلے,mobile
تروته,truth
ملاقات,mulaqat
وفات,wafat
پھیلاتا,phelata
تہ,tha
اجمل,ajmalmmdaslam
بھائ,bhai
سویرا,sawera
سلاپ,slap
8,8
کٹوبير,october
مٹانا,mitana
گوڈ,god
ابھرنے,ubharnay
یوٹ,your
پرنس,prince
رے,re
ملٹی,multitecsawariya
سونو,sonu
جاز,jazzy
بها,baha
ملاوٹ,milawt
تنگ,tang
خوشیوں,khushiyon
ڈے,de
خطرے,khatre
جلنے,jlne
بٹے,btain
لو,lo
گیں,gain
کال,kal
ملی,mili
زنا,zana
ٹالک,talkshalk
آپکو,apko
جوکس,jokes
تخت,takht
سکرین,scren
٥٠٠,500
نيٹ,net
نیازی,niazi011
جانی,jani
اسيمبلي,assembly
بیٹھی,bethy
چی,che
پوچھا,pocha
اپ,ap
روشن,roshan
برين,brain
سکپ,skip
جینا,jeena
جلدی,jaldi
کھیل,khel
آلسو,also
حونور,honor
وحشت,wehshat
دوسروں,dosaro
راو,raw
ظالم,zalim
جيني,june
صابر,sabr
اقرا,iqra
سٹرنگز,stringzoye
صدقے,sadqay
رسیلی,raseli
مانا,mana
پرانے,puranay
کیمسٹری,chemistryblogsadaf
پیش,paish
بلڈنگ,bulding
پﻻسٹک,plastic
مومنین,momineen
رينٹ,rent
دوستوں,dosto
پڑھتا,parhta
سامی,sami
فیصلہ,faisla
مانتے,mante
کردگی,krdgi
ہونگے,honge
بہتا,behta
طوطا,tota
بھیا,bhayia
ادھوری,adhoori
لرزتے,larazte
بادل,badal
خراب,kharab
یونس,younis
بهائی,bhai
گو,go
راہ,raah
میشا,mishaaao
بہانے,bahane
اگنی,agni
رهے,rahe
شرمایا,sharmaya
ذہین,zahen
ييس,yes
اجیرن,ajheeran
کالو,kalo
پیٹی,piti
کیوںکہ,kiun
لگاتار,lagatar
نون,non
سوم,swim
مناہل,mnahil
جوگی,jaogi
حلیم,haleem
مضبوط,mazboot
بندا,banda
فاسٹ,fast
سلک,silk
سامنے,samne
سرور,suroor
ريببش,rubbish
الله,allah
تالو,taulo
مثلا,masla
پریتی,prety
پانڈا,panda
پتلون,patloon
فصل,faslegul
ڈوبنے,doobnay
سٹال,stall
کپي,copy
بہاو,bahao
تھامے,thamay
پٹي,pity
کونسے,konse
لکھنے,likhne
ورق,warq
جین,jain
چارسو,charsiokoi
راشد,rashiid
ریپ,rep
سٹوپ,stop
لکھتی,likhti
رابعہ,rabia
دریاؤں,daryauon
سزا,saza
عزیز,aziz
جاسم,jasmin
هاں,han
کرنی,krni
١٧,17
سٹارٹ,start
سٹوپڈ,stupid
لنچ,lunch
وہاب,wahab
حفیظ,hafeez
اسا,isa
بھوکا,kabhokatha
ٹير,tyre
چکنی,chiknikuriraja
زندگانی,zindagane
پورا,pora
ٹرينک,trunk
سنک,snkk
ادیا,idea
نازش,nazish
راجپوت,rajput
ھا,hahaha
ي,ye
منہاس,minhas
پریس,prince
مپرسونمنٹ,imprisonment
انٹروڈکشن,intro
کاٹ,kaat
مسیحا,maseeha
جاپان,japan
مرد,mard
سبا,saba
انشا,insha
وارن,warn
رہتے,rehte
نبھایا,nibhaya
گرل,girl
بروے,brwe
غلطیوں,galtiob
الکوحل,alcoholnahi
دير,dair
شریعت,shariyat
اخوند,akhund
بیماری,bimaari
آنکھوں,ankhon
محشر,mehshar
پرواہ,parwah
اتوار,itwaar
چاہوں,chahon
اسرار,israr
پیڈ,pidda
منميم,minimum
پوچھ,poch
اڑا,ura
کود,code
کروا,krwa
آجا,aja
اپنے,apne
ڈوبا,dooba
لگانا,lagana
ماند,maand
سینڈنگ,sending
ماہ,mah
کریگا,karega
پاتے,paate
چالاک,chalak
ملال,malal
دیر,dear
دیواروں,deewaaron
مسلمانو,muslmanu
انا,anaa
فيٹير,future
سیکھا,seekha
لوگو,logo
اای,i
رام,ramgar
تڑپتا,tarapta
آجکل,ajkal
کرانا,krana
انوشے,anoushey
سندر,sundr
نازک,nazuk
آنٹی,aunti
کرتا,karta
کیچڑ,keechar
کچرا,kachra
خدایا,khudaya
اجداد,ajdaad
ب,b
شامی,shami
بیہوش,behosh
سادہ,sada
بولی,boli
چڑھا,charha
چاہیں,chachey
سکیں,sken
گا,ga
فرش,farsh
د,da
کنوٹ,knot
ایسا,aisa
ناین,nine
نکلا,nikla
انٹرنیٹ,internet
لوںگا,lo
پللو,pillow
ظہیر,zaheer
طوطوں,toton
یادیں,yaaden
هنس,hans
سٹيپ,step
والوں,walon
لاشیں,lashen
اپنی,apni
والے,wale
سچ,sach
ترین,tareen
بچی,bachi
اوس,aus
مشہور,mushhoor
اننکينٹ,innocent
ٹکرا,tukra
تہس,this
حارش,harsh
مرزا,mirza
رخسانہ,rukhsana
ہام,sham
ہوت,hoti
امےر,ameer
لؤ,lo
نام,nam
انعام,inaam
سنگاکارا,sangakara
لڑائی,lrai
بھیگ,bheeg
لکھتے,likhte
ہاتوں,hatthon
پونڈ,poni
گزرے,gzrega
تاو,tao
کسک,kscnumaz
پرواز,perwaaz
ٹپکتا,tpkta
آپی,api
ھیں,hain
رہی,rahi
پھونک,phook
انہی,inhi
بٹس,batsman
چکا,chuka
رقص,raqs
طور,tor
وضاحت,wazaht
کتنا,kitna
ھیلڈ,held
دہکتے,dehekte
تنا,itna
فرمایا,farmaya
پؤيٹری,poetry
بھروسے,bharosay
رسول,rasool
مسلمان,musalman
سنڈ,send
ذمانا,zama
غمی,ghami
مستانہ,mastana
اندر,andar
ملول,malool
زبر,zabr
کور,kor
شا,sha
سنسان,sunsan
دیکھا,dekha
کہے,kahe
باد,baad
روسے,rose
ہارو,haaro
فيصل,faisal
پری,pari
رانا,rana
قریب,qareeb
چول,chwal
نمازی,namazi
بهی,b
پاس,pas
کھلتی,khilti
وکا,oka
پوچھی,pochi
بھولنا,bhulana
ڈولی,dolly
بیسٹ,best
شیری,sheri55
گوگل,google
اطراف,atraaf
کونے,koney
سوفٹ,softchat
تالیاں,talian
منافقت,munafqat
بهادر,bahadur
مست,mast
طبیب,tabeeb
اس,is
عجیب,ajeeb
نيوز,news
لاکي,lake
سومورو,soomro
سعد,saad
کارو,karo
بزدار,buzdar£(taunsa£
ساز,saaz
آکر,aakar
فریدی,fareedi
حےلو,hello
قصی,qasi
عورتوں,aurton
ليٹٹر,letter
آج,aj
آخری,aakhri
انکو,unko
کوشش,koshish
راجا,raja
ہاتھ,hath
وصی,wasi
چیز,cheez
سمایا,sumaya
ورقہ,warq
گيسٹ,guest
اختیارات,ikhtiyarat
شوخ,shokh
لعل,lal
متھ,muth
نبھاتے,nibhatay
١٠٠,100
لوها,loha
وجود,wajood
پونچھ,ponch
٤,4
ڈارک,darkeyes
آفتاب,aftab
ییس,yes
ذوق,zoq
بالوں,balon
حاجت,hajat
پرستی,parasti
ریپلے,reply
بھاگنا,bhagna
سیرو,seeru
زبیر,zubair
تھس,this
قربان,qurban
جلا,jala
قیامت,qyamat
ڈریمز,dreamzz
تتلی,titli
مسکراہٹ,muskarahat
رکھنی,rakhni
بھروسہ,bharosa
ڈوبتی,doobti
رہیں,rahin
نبی,nabi
رفاقت,rafaqat
ریکو,request
رفتگاں,raftagan
دھڑکا,dharka
جاناں,jana
بوم,bombom
شوپ,shop
حقدار,hakdar
دیوانہ,diwana
علی,ali
نشانی,nishani
کوالفيڈ,qualified
بیچ,bech
رہو,raho
فواد,fawad
آدھا,adha
خام,khaam
رضی,razi
ٹوٹنے,tootne
تقدیر,taqdeer
مزاج,mizaj
کورے,korey
مہر,mehr
عبادت,ibadat
کشم,kashmiri
ويلکم,welcome
انگلی,ungli
جنید,junaid12
تاروں,taron
ترک,tark
آرٹی,arty
تمھیں,tumhen
آتے,ate
جگا,jaga
باربار,bar
خودی,bekhudi
اچھے,ache
امين,ameen
ہون,hon
مرضی,marzi
زپر,z
پایا,paya
گهر,ghr
کلیوں,kaliyoo
پارٹ,part
یير,year
انفڈيلٹي,infidelity
خرمی,khurmi
مون,moon
ہوٹ,hotgirl302
مصروف,masrof
الحمدلللہ,al
آدمی,admi
تھ,thi
کونکريٹي,concrete
دامن,daman
تراش,taraash
بعد,bad
ٹیسٹ,test
نسوار,niswar
آ,aa
چہرے,chehre
برباد,barbad
جاننے,janane
ڈوگ,dog
چراغ,chirag
يحيا,yahya
خرچ,kharch
پہاڑ,pahar
سادی,sadi
اتفاق,itafaq
ناموس,namos
دنیا,dunya
کوھول,alcohol
اٹھنا,uthna
ابیع,rabi
دا,da
پرہو,perho
اگگريگيٹ,aggregate
چکروں,chkron
کاسٹ,cast
معذور,mazor
منایا,manaya
ہمم,hmmmmm
ناگوار,nagwar
چاہیئے,chahiye
پين,pain
اللي,ally
مناتا,manata
ھوںج,hun
اکٹر,actor
اندھیرے,andheray
مجے,mujay
خفا,khafa
تینوں,tenu
تلخ,talkh
دیپ,deep
ابل,able
بکتا,bikta
عادتیں,aadatein
رومز,rooms
لاکھ,lakh
فٹبال,football
جوہر,juharabad
پینا,pina
ٹکڑوں,tukron
سارک,sarika
لمیٹڈ,unlmitd
جار,j
میٹر,metr
ٹیل,tell
دھماکے,dhamakay
کلپنا,kalpana
قابو,qaboo
عظیم,azeem
حسسیں,hussain
آنا,aana
خوبصورت,khubsurat
داری,dari
دیکھ,dekh
خوں,khon
ٹرکک,truck
رهنے,rehne
گھسے,ghussay
ہنستے,hanste
سمجھتا,samajhta
بريکفاسٹ,breakfast
شمع,shama
ایشا,ayesha
ٹینا,tina
سنگ,sang
کریں,kren
کونی,koni
شیخ,sheikh
مزے,mazay
لگانی,lgani
نتاشا,ntasha
باہوں,baanhon
وکے,okay
لیکن,lekin
سلا,silamat
فرينڈ,friend
باری,buri
ٹی,t
معیار,mayaar
رافضی,rafzi
گہرے,gehray
ناکامی,nakami
ننيٹي,ninety
بیٹھ,beth
کیجیئے,kijye
ڈون,do
لایا,laya
یاپ,yap
انفليينس,influence
امنہ,amna
وہیں,wahin
زیدہ,zaida
سوتا,sota
ہاسا,haasa
اتنی,itni
سٹيل,steel
مبتلا,mubtala
گزرتا,guzrta
لکیروں,lakiron
ناشتا,nashta
گدو,gado
جرم,jurm
سخت,sakht
آگیا,agaya
فرم,frm
منگ,mung
سیالکوٹ,sialkot
دیے,diye
کسوں,kason
نید,need
کتنے,kitne
سکا,saka
پکی,paki
منظور,manzor
زا,za
دوؤ,do
دیوبند,deobandi
بولتے,bolty
دھوکہ,dhoka
بوتا,bolta
فورٹي,forty
جھکنا,jhukna
معصومہ,masoma
ڈھلا,dhala
لان,landa
دورنگ,during
انور,anwar
تحریریں,tahreeren
جونٹ,joint
باقي,baaqee
ٹھنڈک,thandak
مسکراتے,muskratay
ٹیچر,teacher
لينڈ,lend
گروپ,group
پانیر,pioneer
یہی,yahi
کروانی,krwani
چاندنی,chandni
ستو,ston
کھڑی,khari
شوٹ,sho
انجان,anjan
اٹس,its
۱۵,15
لمبے,lambay
سکور,score
جواد,jawad
حوصلہ,hosla
اسما,asma
اٹھو,utho
چائے,chay
گیلا,geela
تمہاری,tumhari
عادی,aadi
3,3
گھٹا,ghata
نومبر,numbr
حيل,hell
ستون,gstones
شیشہ,shesha
اج,aj
ٹوٹے,tootay
کسی,kisi
آکاش,akash
مجھ,mujh
سرا,sara
بنگلادیش,bangladesh
الٹنے,ulatne
سانس,sans
دلوں,dilon
کللنگ,killing
حارڈ,hard
بری,buri
رونی,roni
ریحان,rehan
چلنے,chalnay
ٹوپک,topic
تھنک,think
پٹری,patri
ہوجاؤ,hojao
جسم,jism
تونے,tu
انگوٹھا,angotha
حونيي,honey
لاو,law
زاہد,zahid
سنتا,sunta
ہپ,h
بھٹکے,bhatkay
گار,gaar
سکم,skm
صحرا,sehra
شورٹ,shortcut3
لاین,line
جهان,jahan
گھوم,ghum
امڈ,umad
بلا,bula
ماہی,mahi
مہربان,mehrban
بھول,bhool
دینا,dena
برعکس,baraakss
پلکوں,palkon
یے,ye
دانش,danish
لبوں,labon
واقعے,waqiye
صاحب,sahb
عدد,adad
تمیں,tumen
جاوں,jaon
قوم,qom
اسکے,uske
آمین,ameen
سنوارتی,sanwarti
جلتی,jalti
غیرت,gherat
مہروز,maheroozwaalaikum
نماز,namaz
نازی,nazi
پووڑ,power
ابلیس,ablees
بوتھ,both
سال,saal
ماننا,mana
پھل,phal
انتظار,intzar
حصار,hisar
خرید,khareed
بنے,bne
بندہ,bnda
پچاس,pachaas
صابن,sabun
بلاکر,blacker
ثانی,saani
نوم,nom
ابراہیم,ibraheem
جذبے,jazbe
خریدا,kharida
پیارا,pyara
نيو,new
انگلیاں,ungliyan
مریضوں,marizo
بهائ,bhai
احماڈ,ahmad
١١,11
ٹرین,train
مستی,masti
ساجد,sajid
حالی,chali
داخل,dakhil
حیران,heran
وداع,wada
نکال,nikal
موت,mout
گولٹ,guilt
سوتی,soti
خواجہ,khawaja
بيت,beet
برانچ,branch
امبر,u
کا,ka
الوداع,alweda
آفاق,afaq
ينگلش,english
چ,cherry
مڈل,mdl
ناشتہ,nashta
ساری,sari
کرے,kare
دیکھنی,dekhni
زبردست,zbrdast
یا,ya
لڑکا,larka
پاپير,paper
فاروک,farooq
لکیر,lakeer
حجاب,hijab
جا,ja
نوں,nu
ماریا,maria
١٦٠,160
شہید,shaheed
سمجھنے,smjhne
کڑوا,karwa
چوہا,choha
پولیس,police
دوش,dosh
کمرا,kamra
نفیس,nafees
لاهور,lahore
نینا,naina
زرقا,zarqaw1y
کنجوسی,kanjosi
افرا,ifrah
پوروں,pooron
انکل,uncle
يگگ,egg
معصومین,masomen14labikyahussainkisi
حیرانی,haerani
روپ,rop
یاسر,yasir
ماشاء,masha
لگتی,lagti
تسکین,taskeen
موبی,mobirock
چلایا,chilaya
چاہو,chaho
لاتی,latikehti
راگ,rag
آغاز,agaz
برسوں,barson
پارو,paroo1me
انجانے,anjane
اتینڈ,attend
پہونچا,phoncha
بيس,bees
ناراض,naraz
ادھر,idhr
نیا,naya
قبول,qabool
زیا,zya
رکن,rukn
سٹيڈينٹ,student
بتا,bta
خاطر,khatir
غالب,ghalib
چوکیدار,chwkidar
بھولتا,bhoolta
سلام,salam
کچھ,kuch
ٹري,try
پکڑوں,pakron
کیاکیا,kya
ہوا,hua
جہاں,jahan
سوچا,socha
ہوے,hue
ناز,naaz
کونٹربيٹي,contribute
ڈالتا,dalta
آیندہ,ainda
حويوز,house
ڈرتی,darti
مناتے,manate
جنگ,jung
تحقیق,tehqeeq
بلاسٹ,blasts!m
دیوانگی,deewangi
سپورٹس,sportsman
اوقات,auqaat
یهی,yhi
اعتراض,aitraaz
بیولوجی,bio
هاتھ,hath
تقسیم,taqseem
ذ,zr
تے,te
کھل,khul
دو,do
کوکہا,koocha
جننے,jinne
حسدا,hasda
صحت,sehtmand
اب,ab
تھوڑی,thori
آپکے,apke
قیمتی,qeemty
بھیجے,bheje
کری,krti
سوچو,socho
نادیہ,nadia
لنک,link
زخموں,zakhamon
نادر,nadir
فرايڈ,fraud
پرنسپال,principal
ہرگز,hrgiz
پوچھیں,poche
کہ,k
ماروی,marwa
اسد,asad
چاہتا,chahta
دلو,dilo
میٹ,maiti
غذا,ghaza
برسات,barsaat
اجالا,ujaalah
پیر,peer
بکری,bakri
ہسپتال,haspatal
حکمرانوں,hukmranoon
ٹوتھ,tooth
نیلا,niala
سین,seeen
رهنا,rehna
سکتا,sakta
انکار,inkar
بکرا,bakra
پا,pa
شوق,shoq
چوتھی,chuti
چاہے,chahe
لین,line;mera
ند,nd
ہنس,hans
رو,ro
غريب,ghareeb
لیے,lye
حاکم,hakim
شمار,shumar
فرانکلی,frankly
آنے,ane
فیاض,fiaz
عندلیب,andleeb143
پاپے,papy
پکے,pake
رالف,ralf
زباں,zuban
سیدھی,sedhi
اٹھی,uthi
می,me
انٹر,interinfo
گلاں,galan
م,ma
ردر,ridr
کر,kr
آنکھ,ankh
ہٹا,hata
ابنِ,ibn
غازی,ghazee
حسینی,hussaini
مرنے,marne
جاگتی,jagti
موتی,moti
دکھے,dukhe
خمار,khumar
شاکی,shaki
موحاميڈ,mohamed
غم,gham
کان,kan
جونہی,junhi
کاشی,kashi
ربی,rabipagl
نظریں,nazren
اتنے,itne
آدھے,aadhe
وفا,wafa
تعریف,tareef
خواب,khwab
ال,ul
بکواس,bkwas
هوتے,hotay
دھرتی,dharti
خاندا,khanda
ہوسٹل,hostel
عرصے,arsay
لکھا,likha
ناسر,nasir
ہلاکو,halako
لاڈلی,ladli
الين,alien
ام,am
بارگاہ,bargah
سنوار,sanwar
جدا,juda
یار,yar
رہے,rahe
دیتی,deti
سبزی,sabzi
روکنگ,rocking
اکا,aaka
کافر,kafir
لون,lion
١,1
اتی,ate
چمکتا,chamakta
پاگل,pagal
لمبا,lamba
کھونے,khonay
قاصد,qasid
سمجهے,smjhy
بیمار,bemar
جیت,jeet
حال,hal
بهت,bht
نیوز,news
ویلکوم,welcome
پرس,price
گزرنے,guzarne
خون,khoon
ااس,aas
ویسی,wesy
ہمار,hmara
روے,roay
شر,share
ویب,web
رواں,rawan
تی,ti
فہمی,fehmi
آرم,arm
نکالے,nikalay
بسے,bs
ريڈ,read
خوشی,khushi
انٹينٹ,intent
شازی,shazi
غلاب,gulab
مانگنا,mangna
دھویا,dhoya
سجنا,sajna
کسٹ,cost
ہور,1hour
آگے,aage
الحال,filhal
علی(علیہ,ali
٧٠,70
قران,quran
گریٹ,great
الجهاد,al
بناوں,banao
الی,ali
جاتے,jate
سمارٹ,smart
انهوں,unho
پڑھے,parhay
ڈمپل,dimpledollhania
فان,faan
بهاءی,bhai
فضاؤں,fizaon
پحوٹو,photo
شیو,shio
پڑھو,parho
نمازیں,namazen
روکا,ruka
قرض,qarz
اجتماع,ijtama
بناتے,bnatay
تلوار,talwar
بڑھنے,barrhnay
چاندی,chandni
انوارڈ,inward
سوچتے,sochte
بارے,baray
پہرا,pehra
عرب,arab
مرتے,marte
پي,p
کوش,koshish
حا,ha
خطا,khata
شیر,shair
دھو,dho
سکن,skin
اتری,utri
علیکم,alaikum
ہیللو,hello
کچه,kuch
سیاست,syast
چلے,chale
ڈساسٹر,disaster
مفت,muft
میک,mic
کمرے,kamray
اکیلا,akela
مچانے,machane
آدھ,adha
ہونڈا,dhonda
لانگ,lang
بارڈی,bardigat
ابتدا,ibteda
گہرا,gahra
نکلتا,nikalta
راضی,razi
حنین,hunain
آخرت,akhrat
ہوتی,hoti
جاو,jao
پریم,premnagar
ریا,re
حدیث,hadees
سونے,sone
خارش,kharish
زید,z
نکاح,nikah
لفظوں,lafzon
شولا,shola
سلفی,salfi
ادا,ada
کوانٹٹي,quantity
کای,kai
نوری,nooriparihi
ڈسسارڈ,discard
لی,li
رحیم,rahimyarkhan
لوں,loon
غروب,ghuroob
چکوال,chakwal
هاتہ,hat
حدوں,hadon
گلسسسس,glasses
رشتوں,rishton
پہل,pehl
پڑھاتے,parhatey
الٹ,ult
اڑاتی,urraati
چال,chal
قید,qaid
غریبی,gharibai
ضیا,zia
میاں,mai
رومیوں,ro0mio
پیاس,piyas
کھیلنے,khailne
گيي,guy
کروں,kron
سومرو,soomro
کوفے,cofethanks
پارک,park
انجام,anjam
جسکا,jiska
ھونے,hone
لوہا,loha
ہائی,hi
قول,qoul
اندھیرا,andhera
جمیل,jameelin
السو,also
ہنا,hena
بدلنے,badalne
بجھے,bujhe
بنا,bna
بح,bhai
آنسوں,†ansuon
فنکار,funkar
اسود,aswad3stars
گجراتی,gujratimunde
يو,you
مررور,mirror
آرزو,aarzo
تار,taar
ممتاز,mumtaz
بولڈنگ,building
پریہ,prea
ویرانی,wearani
يمير,umair
پیار,pyar
پیشاب,pishab
ہووے,howe
لانگياج,language
پٹھان,pathan
دکھوں,dukhon
لگے,lage
نادم,nadim
پرے,pre
قہقہے,qehqahey
گلی,gali
لولی,lovly
دلایا,dilaya
حسبند,husband
ہیرا,heera
باقی,baqi
گلاب,gulab
قرآنی,qurani
ماسٹر,mastergee
دھڑکتا,dharakta
جاگنے,jagne
شانوں,shanon
لاڈلا,laadlaa
افسران,afsaraan
صندوق,sandooq
ليکن,lekin
ارادہ,irada
بتانے,btany
دیدو,dedo
وسلم,w
بہنیں,bahnen
دعوت,dawat
پرچم,percham
مارے,mary
رشتے,rishte
هنگری,hungry
بوک,book
انتخاب,intikhab
شوہر,shohar
ض,zia
چنگا,changa
تمہارا,tumhara
پکٹير,picture
نشان,nishaan
سچول,school
ڈاڈ,dad
تھیوری,theory
مانگنے,mangne
گزارنے,guzarny
مسٹ,must
تیرا,tera
ہو,ho
بھولنے,bhoolne
اسلامک,islamic
گونگے,g0onge
چینی,cheeniwo
کامی,kami
ملے,mile
مرض,marz
عرفان,irfan
يا,ya
بنانا,banana
حوپي,hope
کوڑا,kora
٤٠,40
ناه,nah
کاکا,kaka
راہوں,raahon
روم,room
دج,dj
سون,son
والا,wala
ٹوٹی,tooti
پریشان,pareshan
جمپ,jump
اسايلٹ,assault
انٹرو,intro
دیں,din
پلانے,pelane
باوجود,bawajod
لباب,lubaba
تحریر,tehreer
ٹوٹ,toot
حانڈريڈ,hundred
ڈھونڈ,dhond
جنازے,janaze
اضافہ,izafa
ہےکے,he
زهیر,zaher
موست,most
پختونخواہ,pkhtoon
فرشتے,farishte
بھاگنے,bhaagny
وقاص,waqas
زخم,zakhm
نيک,neck
ڈال,dal
طریقے,tareke
امتیاز,imtiaz
جاؤں,jaon
بولا,bola
تبديل,tabdeel
زور,zor
بہا,baha
جذبوں,jazbo
عشق,ishq
مذاق,mazaq
سلیم,slim
جوتی,joti
سوچوں,sochon
ماما,mama
میرا,mera
محسوس,mehsus
مرا,mara
ہمت,himt
ضرورت,zarurat
چلنا,chalna
دیتا,deta
چشم,chashm
لوسٹ,lost
نهیں,nhi
دعوے,daway
نبض,nabz
و,o
نہیں,nhi
کانٹے,kantay
فقیر,faqeer
مثل,misl
معافی,mafi
ہا,hahaha
سرسری,sarsari
اشارہ,ishara
ناگن,nagan
سوچ,soch
عیب,aaib
انليس,unless
چپکے,chupke
بابی,baby
ییہ,ye
وقت,waqt
مجبور,majboor
انکوري,inquiry
تمام,tamam
سے,se
سلپ,slip
توتی,toti
استاد,ustad
فضول,fazol
دکھانا,dekhana
موحسن,mohsin
گنوا,ganwa
اٹھ,uth
لگوا,lagwa
مجبوری,majbori
ٹونکل,twinkle
زنی,zani
نیوزی,newzeland
جنيد,junaid
جنوري,january
اصلیت,asliat
پھرنے,phirne
منانا,manana
سميل,smell
یاروں,yaro
ونير,owner
فيل,fail
اٹوٹ,atoot
بچاؤ,bachao
بلال,bilal
رکھے,rakhe
کلیر,clear
ہاتھوں,hathon
فاک,face
سکت,sakt
تيل,tail
جاگ,jag
لپس,lips
افسانے,afsanay
آواز,awaz
جينيڈ,junaid
ہن,hn
دوستو,dosto
ذات,zaat
سيٹ,seat
رون,iron
سمیر,sameer
سارا,sara
والده,walda
الا,ula
کيي,key
تهی,thi
کرایا,karwaya
پہچانے,pohanchane
لؤگ,log
سبھا,subha
گندا,gnda
صلاح,sulah
فرحان,farhan
ایا,aya
